shelter_name,shelter_id,latitude,longitude,timestamp,description,status,gen,bez,bundesland,einrichtungsart,Gehbehinderung,Hörbehinderung/Taubheit,Sehbehinderung/Blindheit,Suchtmittelabhängigkeit
Frauen- und Kinderschutzhaus Aachen,2270,50.788047150729,6.097588101025,2022-12-25 08:01:00,Keine Aufnahme möglich,Keine Aufnahme möglich,Städteregion Aachen,Kreis,Nordrhein-Westfalen,Frauenhaus,False,False,False,False
Frauenhaus Alsdorf,2244,50.871672283047,6.208659018565,2022-12-25 08:01:00,Keine Aufnahme möglich,Keine Aufnahme möglich,Städteregion Aachen,Kreis,Nordrhein-Westfalen,Frauenhaus,False,False,False,False
Frauenhaus Bad Hersfeld,2114,50.869468708997,9.714945143903,2022-12-25 08:01:00,Keine Aufnahme möglich,Keine Aufnahme möglich,Hersfeld-Rotenburg,Landkreis,Hessen,Frauenhaus,False,False,False,False
AWO Frauenhaus &quotLotte Lemke&quot,2103,50.2268308,8.6181618,2022-12-25 08:01:00,Keine Aufnahme möglich,Keine Aufnahme möglich,Hochtaunuskreis,Landkreis,Hessen,Frauenhaus,False,False,False,False
Haus für Frauen in Not,2150,50.142945932409,8.06664247563,2022-12-25 08:01:00,Keine Aufnahme möglich,Keine Aufnahme möglich,Rheingau-Taunus-Kreis,Landkreis,Hessen,Frauenhaus,False,False,False,False
Autonomes Frauenhaus,2081,51.11062982947,9.116401666944,2022-12-25 08:01:00,Keine Aufnahme möglich,Keine Aufnahme möglich,Waldeck-Frankenberg,Landkreis,Hessen,Frauenhaus,False,False,False,False
Frauen- und Kinderschutzhaus Ballenstedt,2280,51.722527,11.2290268,2022-12-25 08:01:00,Keine Aufnahme möglich,Keine Aufnahme möglich,Harz,Landkreis,Sachsen-Anhalt,Frauenhaus,True,False,False,False
Frauenhaus,2142,49.9425551,11.5744543,2022-12-25 08:01:00,Keine Aufnahme möglich,Keine Aufnahme möglich,Bayreuth,Kreisfreie Stadt,Bayern,Frauenhaus,False,False,False,False
Frauenhaus Bergstraße,2043,49.688967095718,8.617601744187,2022-12-25 08:01:00,Keine Aufnahme möglich,Keine Aufnahme möglich,Bergstraße,Landkreis,Hessen,Frauenhaus,False,False,False,False
Hestia-Zufluchtswohnungen Wedding,2051,52.54108405,13.389616050162,2022-12-25 08:01:00,Keine Aufnahme möglich,Keine Aufnahme möglich,Berlin,Kreisfreie Stadt,Berlin,Schutzwohnung,False,False,False,False
offensiv´91 e.V. Frauenzufluchtswohnung,2037,52.45499615,13.514810051508,2022-12-25 08:01:00,Keine Aufnahme möglich,Keine Aufnahme möglich,Berlin,Kreisfreie Stadt,Berlin,Schutzwohnung,False,False,False,False
AWO Frauenhaus Bielefeld,2118,52.035301540103,8.526657636721,2022-12-25 08:01:00,Keine Aufnahme möglich,Keine Aufnahme möglich,Bielefeld,Kreisfreie Stadt,Nordrhein-Westfalen,Frauenhaus,False,False,False,False
Frauenhaus Bitterfeld-Wolfen,2295,51.641033099699,12.307324408998,2022-12-25 08:01:00,Keine Aufnahme möglich,Keine Aufnahme möglich,Anhalt-Bitterfeld,Landkreis,Sachsen-Anhalt,Frauenhaus,False,False,False,False
Frauenhaus Bocholt,2240,51.851967818808,6.587526413286,2022-12-25 08:01:00,Keine Aufnahme möglich,Keine Aufnahme möglich,Borken,Kreis,Nordrhein-Westfalen,Frauenhaus,True,False,False,False
Frauenhaus Bochum,2283,51.4818111,7.2196635,2022-12-25 08:01:00,Keine Aufnahme möglich,Keine Aufnahme möglich,Bochum,Kreisfreie Stadt,Nordrhein-Westfalen,Frauenhaus,False,False,False,False
Hilfe für Frauen in Not-Frauenhaus Bonn e.V.,2129,50.737581638095,7.101763519581,2022-12-25 08:01:00,Keine Aufnahme möglich,Keine Aufnahme möglich,Bonn,Kreisfreie Stadt,Nordrhein-Westfalen,Frauenhaus,False,False,False,False
Frauenhaus Bonn - Frauen helfen Frauen e.V.,2167,50.729451611876,7.083363726367,2022-12-25 08:01:00,Keine Aufnahme möglich,Keine Aufnahme möglich,Bonn,Kreisfreie Stadt,Nordrhein-Westfalen,Frauenhaus,False,False,False,False
Frauen- und Kinderschutzhaus Landkreis Leipzig,2003,51.124032663272,12.506939561096,2022-12-25 08:01:00,Keine Aufnahme möglich,Keine Aufnahme möglich,Leipzig,Landkreis,Sachsen,Frauenhaus,False,False,False,False
AWO-Frauenhaus-Bottrop,2321,51.522238111129,6.926211462971,2022-12-25 08:01:00,Keine Aufnahme möglich,Keine Aufnahme möglich,Bottrop,Kreisfreie Stadt,Nordrhein-Westfalen,Frauenhaus,False,False,False,False
Frauenschutzangebot,2210,50.4756535,12.7667543,2022-12-25 08:01:00,k.A.,keine Angabe,Erzgebirgskreis,Landkreis,Sachsen,Schutzwohnung,False,False,False,False
Frauenhäuser Geschütztes Wohnen,2327,49.104470848914,8.5913541328,2022-12-25 08:01:00,Keine Aufnahme möglich,Keine Aufnahme möglich,Karlsruhe,Landkreis,Baden-Württemberg,Frauenhaus,True,False,False,False
Frauenhaus im Landkreis Calw,2100,48.714306559169,8.741623063857,2022-12-25 08:01:00,Keine Aufnahme möglich,Keine Aufnahme möglich,Calw,Landkreis,Baden-Württemberg,Frauenhaus,False,False,False,False
Autonomes Frauenhaus Celle,2041,52.620867,10.0626059,2022-12-25 08:01:00,Keine Aufnahme möglich,Keine Aufnahme möglich,Celle,Landkreis,Niedersachsen,Frauenhaus,False,False,False,False
Frauenhaus Darmstadt,2070,49.885947405614,8.654001172839,2022-12-25 08:01:00,Keine Aufnahme möglich,Keine Aufnahme möglich,Darmstadt,Kreisfreie Stadt,Hessen,Frauenhaus,False,False,False,False
Frauenhaus Lippe,2238,51.938132853507,8.87196878474,2022-12-25 08:01:00,Keine Aufnahme möglich,Keine Aufnahme möglich,Lippe,Kreis,Nordrhein-Westfalen,Frauenhaus,False,False,False,False
Frauen - und Kinderschutzhaus,2339,49.893363,8.836827,2022-12-25 08:01:00,Keine Aufnahme möglich,Keine Aufnahme möglich,Darmstadt-Dieburg,Landkreis,Hessen,Frauenhaus,True,False,False,False
Autonomes Frauenhaus Dortmund,2052,51.5142273,7.4652789,2022-12-25 08:01:00,Keine Aufnahme möglich,Keine Aufnahme möglich,Dortmund,Kreisfreie Stadt,Nordrhein-Westfalen,Frauenhaus,True,True,False,False
Frauenhaus Duisburg gGmbH,2203,51.434999,6.759562,2022-12-25 08:01:00,Keine Aufnahme möglich,Keine Aufnahme möglich,Duisburg,Kreisfreie Stadt,Nordrhein-Westfalen,Frauenhaus,False,True,False,False
Autonomes Frauenhaus Elmshorn,2049,53.7542251,9.6592636,2022-12-25 08:01:00,Keine Aufnahme möglich,Keine Aufnahme möglich,Pinneberg,Kreis,Schleswig-Holstein,Frauenhaus,False,False,False,False
Frauenhaus Erding,2362,48.304271224419,11.90594429271,2022-12-25 08:01:00,Aufnahme möglich für Frauen mit 2 Kindern,Aufnahme möglich für Frauen mit mehreren Kindern,Erding,Landkreis,Bayern,Frauenhaus,False,True,False,False
Frauenhaus Espelkamp,2184,52.375750324544,8.632890486707,2022-12-25 08:01:00,Aufnahme möglich ohne detaillierte Angabe,Aufnahme möglich ohne detaillierte Angabe,Minden-Lübbecke,Kreis,Nordrhein-Westfalen,Frauenhaus,True,False,False,False
Frauenhaus Essen,2143,51.438379602305,7.009099068551,2022-12-25 08:01:00,Keine Aufnahme möglich,Keine Aufnahme möglich,Essen,Kreisfreie Stadt,Nordrhein-Westfalen,Frauenhaus,True,True,False,False
Frauenhaus Esslingen,2065,48.741421196937,9.310220283594,2022-12-25 08:01:00,Keine Aufnahme möglich,Keine Aufnahme möglich,Esslingen,Landkreis,Baden-Württemberg,Frauenhaus,False,False,False,False
Schutzhaus für Frauen und Kinder,2107,50.616462856427,6.84026134715,2022-12-25 08:01:00,Keine Aufnahme möglich,Keine Aufnahme möglich,Euskirchen,Kreis,Nordrhein-Westfalen,Frauenhaus,False,False,False,False
Frauenhaus,2109,51.628227951142,13.713308618555,2022-12-25 08:01:00,Keine Aufnahme möglich,Keine Aufnahme möglich,Elbe-Elster,Landkreis,Brandenburg,Frauenhaus,False,False,False,False
Autonomes Frauenhaus Frankfurt,2091,50.1109221,8.6821267,2022-12-25 08:01:00,Keine Aufnahme möglich,Keine Aufnahme möglich,Frankfurt am Main,Kreisfreie Stadt,Hessen,Frauenhaus,False,False,False,False
Frauenhaus Freudenstadt,2215,48.473534333796,8.420503660913,2022-12-25 08:01:00,Keine Aufnahme möglich,Keine Aufnahme möglich,Freudenstadt,Landkreis,Baden-Württemberg,Frauenhaus,False,False,False,False
Frauenhaus Wetterau,2059,50.332736759446,8.762147100409,2022-12-25 08:01:00,Keine Aufnahme möglich,Keine Aufnahme möglich,Wetteraukreis,Landkreis,Hessen,Frauenhaus,False,True,False,False
Frauenhaus Fürth,2301,49.4668322,10.9852942,2022-12-25 08:01:00,Keine Aufnahme möglich,Keine Aufnahme möglich,Fürth,Kreisfreie Stadt,Bayern,Frauenhaus,False,False,False,False
Frauenhaus Gelsenkirchen,2112,51.540968835085,7.111938609989,2022-12-25 08:01:00,Keine Aufnahme möglich,Keine Aufnahme möglich,Gelsenkirchen,Kreisfreie Stadt,Nordrhein-Westfalen,Frauenhaus,False,False,False,False
Frauenhaus Sozialdienst katholischer Frauen e.V.,2247,50.572063246443,8.667524534963,2022-12-25 08:01:00,Keine Aufnahme möglich,Keine Aufnahme möglich,Gießen,Landkreis,Hessen,Frauenhaus,False,False,False,False
Frauenhaus des Caritasverbandes für Stadt und Landkreis Gifhorn,2285,52.484496766686,10.540274633294,2022-12-25 08:01:00,Keine Aufnahme möglich,Keine Aufnahme möglich,Gifhorn,Landkreis,Niedersachsen,Frauenhaus,False,False,False,False
Frauenhaus Gotha,2026,50.943234424969,10.717486357956,2022-12-25 08:01:00,Keine Aufnahme möglich,Keine Aufnahme möglich,Gotha,Landkreis,Thüringen,Frauenhaus,False,False,False,False
Frauenhaus Greifswald,2146,54.08939506011,13.379945601414,2022-12-25 08:01:00,k.A.,keine Angabe,Vorpommern-Greifswald,Landkreis,Mecklenburg-Vorpommern,Frauenhaus,False,False,False,False
Frauenhaus Hameln e.V.,2113,52.105920892881,9.364572592101,2022-12-25 08:01:00,Keine Aufnahme möglich,Keine Aufnahme möglich,Hameln-Pyrmont,Landkreis,Niedersachsen,Frauenhaus,True,False,False,False
Frauenhaus Hamm,2171,51.6697042432,7.831726274505,2022-12-25 08:01:00,Keine Aufnahme möglich,Keine Aufnahme möglich,Hamm,Kreisfreie Stadt,Nordrhein-Westfalen,Frauenhaus,False,False,False,False
Frauenhaus Hanau,2055,50.121842157395,8.93035691488,2022-12-25 08:01:00,Keine Aufnahme möglich,Keine Aufnahme möglich,Main-Kinzig-Kreis,Landkreis,Hessen,Frauenhaus,False,False,False,False
Frauenhaus Hannover - Frauen helfen Frauen e.V.,2013,52.377210097868,9.745326084829,2022-12-25 08:01:00,Keine Aufnahme möglich,Keine Aufnahme möglich,Region Hannover,Landkreis,Niedersachsen,Frauenhaus,True,False,False,False
Frauenhaus Dithmarschen,2395,54.193570221951,9.100838263545,2022-12-25 08:01:00,Keine Aufnahme möglich,Keine Aufnahme möglich,Dithmarschen,Kreis,Schleswig-Holstein,Frauenhaus,False,False,False,False
Frauen helfen Frauen e.V. Heidelberg,2152,49.38167105,8.677039550252,2022-12-25 08:01:00,Keine Aufnahme möglich,Keine Aufnahme möglich,Heidelberg,Stadtkreis,Baden-Württemberg,Frauenhaus,False,False,False,False
Frauen- und Kinderschutzhaus Heilbronn,2126,49.140048540701,9.219636925251,2022-12-25 08:01:00,Keine Aufnahme möglich,Keine Aufnahme möglich,Heilbronn,Stadtkreis,Baden-Württemberg,Frauenhaus,False,False,False,False
Frauenhaus Herne,2032,51.5435523,7.2176455,2022-12-25 08:01:00,Keine Aufnahme möglich,Keine Aufnahme möglich,Herne,Kreisfreie Stadt,Nordrhein-Westfalen,Frauenhaus,True,False,False,False
Frauenhaus Hildesheim e.V.,2194,52.152522919656,9.950775478638,2022-12-25 08:01:00,Keine Aufnahme möglich,Keine Aufnahme möglich,Hildesheim,Landkreis,Niedersachsen,Frauenhaus,True,False,False,False
Frauennotruf Hochfranken,2135,50.318924920653,11.923855529507,2022-12-25 08:01:00,Keine Aufnahme möglich,Keine Aufnahme möglich,Hof,Kreisfreie Stadt,Bayern,Schutzwohnung,False,False,False,False
AWO Frauenhaus Iserlohn,2232,51.383210093974,7.684256826022,2022-12-25 08:01:00,Keine Aufnahme möglich,Keine Aufnahme möglich,Märkischer Kreis,Kreis,Nordrhein-Westfalen,Frauenhaus,False,False,False,False
Autonomes Frauenhaus Itzehoe,2193,53.9242344,9.5100452,2022-12-25 08:01:00,Keine Aufnahme möglich,Keine Aufnahme möglich,Steinburg,Kreis,Schleswig-Holstein,Frauenhaus,True,True,True,False
Frauenhaus,2341,49.0068705,8.4034195,2022-12-25 08:01:00,k.A.,keine Angabe,Karlsruhe,Stadtkreis,Baden-Württemberg,Frauenhaus,False,False,False,False
Frauenhaus SkF Karlsruhe,2212,49.010942043401,8.392288331104,2022-12-25 08:01:00,Keine Aufnahme möglich,Keine Aufnahme möglich,Karlsruhe,Stadtkreis,Baden-Württemberg,Frauenhaus,False,False,False,False
Frauenhaus Kirchheim,2173,48.645195802054,9.452899259968,2022-12-25 08:01:00,Keine Aufnahme möglich,Keine Aufnahme möglich,Esslingen,Landkreis,Baden-Württemberg,Frauenhaus,True,False,False,False
Frauenhaus Donnersbergkreis,2221,49.6669591,7.9801167,2022-12-25 08:01:00,Keine Aufnahme möglich,Keine Aufnahme möglich,Donnersbergkreis,Landkreis,Rheinland-Pfalz,Frauenhaus,False,False,False,False
AWO-Frauenhaus,2311,51.789621872871,6.145853870316,2022-12-25 08:01:00,Keine Aufnahme möglich,Keine Aufnahme möglich,Kleve,Kreis,Nordrhein-Westfalen,Frauenhaus,False,False,False,False
Frauenhaus Landau,2332,49.19988782812,8.113401055813,2022-12-25 08:01:00,Keine Aufnahme möglich,Keine Aufnahme möglich,Landau in der Pfalz,Kreisfreie Stadt,Rheinland-Pfalz,Frauenhaus,False,False,False,False
Frauenhaus Lauchhammer,2346,51.4957085,13.7605753,2022-12-25 08:01:00,k.A.,keine Angabe,Oberspreewald-Lausitz,Landkreis,Brandenburg,Frauenhaus,False,False,False,False
4. Frauen*- und Kinderschutzhaus Leipzig,2317,51.3406321,12.3747329,2022-12-25 08:01:00,Keine Aufnahme möglich,Keine Aufnahme möglich,Leipzig,Kreisfreie Stadt,Sachsen,Frauenhaus,False,False,False,False
Autonomes Frauenhaus Leverkusen,2151,51.036439483933,6.993204651605,2022-12-25 08:01:00,Keine Aufnahme möglich,Keine Aufnahme möglich,Leverkusen,Kreisfreie Stadt,Nordrhein-Westfalen,Frauenhaus,False,False,False,False
"Frauenhaus, Beratungs- und Interventionsstelle Limburg",2036,50.387426446735,8.064561329702,2022-12-25 08:01:00,Aufnahme möglich für Frauen mit 2 Kindern,Aufnahme möglich für Frauen mit mehreren Kindern,Limburg-Weilburg,Landkreis,Hessen,Frauenhaus,False,False,False,False
Autonomes Frauenhaus Lörrach,2075,47.602006174985,7.6622878822819995,2022-12-25 08:01:00,k.A.,keine Angabe,Lörrach,Landkreis,Baden-Württemberg,Frauenhaus,False,False,False,False
Frauenhaus Hartengrube,2284,53.861924849136,10.683346452091,2022-12-25 08:01:00,Keine Aufnahme möglich,Keine Aufnahme möglich,Lübeck,Kreisfreie Stadt,Schleswig-Holstein,Frauenhaus,False,False,False,False
Frauenhaus Ludwigsburg,2223,48.905138982478,9.175657488432,2022-12-25 08:01:00,Keine Aufnahme möglich,Keine Aufnahme möglich,Ludwigsburg,Landkreis,Baden-Württemberg,Frauenhaus,True,True,True,False
Autonomes Frauenhaus Lüneburg,2066,53.2497728,10.4197721,2022-12-25 08:01:00,Keine Aufnahme möglich,Keine Aufnahme möglich,Lüneburg,Landkreis,Niedersachsen,Frauenhaus,False,False,False,False
Frauenschutzhaus Wittenberg,2319,51.869377514536,12.646353310986001,2022-12-25 08:01:00,k.A.,keine Angabe,Wittenberg,Landkreis,Sachsen-Anhalt,Frauenhaus,False,False,False,False
Autonomes Frauenhaus Marburg,2025,50.8117327,8.7757742,2022-12-25 08:01:00,Keine Aufnahme möglich,Keine Aufnahme möglich,Marburg-Biedenkopf,Landkreis,Hessen,Frauenhaus,False,False,False,False
Frauenschutzzentrum,2325,52.292865585765,8.884828610875,2022-12-25 08:01:00,Keine Aufnahme möglich,Keine Aufnahme möglich,Minden-Lübbecke,Kreis,Nordrhein-Westfalen,Frauenhaus,False,False,False,False
Frauenhaus Mönchengladbach,2337,51.201782299521,6.421618467145,2022-12-25 08:01:00,Keine Aufnahme möglich,Keine Aufnahme möglich,Mönchengladbach,Kreisfreie Stadt,Nordrhein-Westfalen,Frauenhaus,False,False,False,False
Frauenhaus der Frauenhilfe München,2348,48.1351253,11.5819805,2022-12-25 08:01:00,Keine Aufnahme möglich,Keine Aufnahme möglich,München,Kreisfreie Stadt,Bayern,Frauenhaus,True,True,False,False
Autonomes Frauenhaus Münster,2141,51.956729697633,7.632398512595,2022-12-25 08:01:00,Keine Aufnahme möglich,Keine Aufnahme möglich,Münster,Kreisfreie Stadt,Nordrhein-Westfalen,Frauenhaus,False,False,False,False
Frauen- und Kinderschutzhäuser Münster,2226,51.964715367909,7.65173880509,2022-12-25 08:01:00,Keine Aufnahme möglich,Keine Aufnahme möglich,Münster,Kreisfreie Stadt,Nordrhein-Westfalen,Frauenhaus,False,False,False,False
AWO Frauenhaus Neu-Ulm,2094,48.376176,10.008997602757,2022-12-25 08:01:00,k.A.,keine Angabe,Neu-Ulm,Landkreis,Bayern,Frauenhaus,False,False,False,False
Autonomes Frauenhaus Neumünster,2063,54.074247318196,9.984462815518,2022-12-25 08:01:00,Keine Aufnahme möglich,Keine Aufnahme möglich,Neumünster,Kreisfreie Stadt,Schleswig-Holstein,Frauenhaus,True,False,False,False
Frauenhaus Neustadt,2201,49.349491832835,8.141965744074,2022-12-25 08:01:00,Keine Aufnahme möglich,Keine Aufnahme möglich,Neustadt an der Weinstraße,Kreisfreie Stadt,Rheinland-Pfalz,Frauenhaus,False,False,False,False
Frauenhaus Norderstedt,2303,53.7089898,9.9891914,2022-12-25 08:01:00,Keine Aufnahme möglich,Keine Aufnahme möglich,Segeberg,Kreis,Schleswig-Holstein,Frauenhaus,True,False,False,False
Frauenhaus Nürnberg,2147,49.454987367495,11.078057924511,2022-12-25 08:01:00,Keine Aufnahme möglich,Keine Aufnahme möglich,Nürnberg,Kreisfreie Stadt,Bayern,Frauenhaus,False,False,False,False
Frauen- und Kinderhaus Offenbach,2077,50.104010086859,8.76674981179,2022-12-25 08:01:00,Keine Aufnahme möglich,Keine Aufnahme möglich,Offenbach am Main,Kreisfreie Stadt,Hessen,Frauenhaus,False,False,False,False
Frauenhaus Passau,2125,48.57363833286,13.451816048151,2022-12-25 08:01:00,k.A.,keine Angabe,Passau,Kreisfreie Stadt,Bayern,Frauenhaus,True,False,False,False
Frauenhaus Pinneberg,2264,53.651379970069,9.789546578719,2022-12-25 08:01:00,Keine Aufnahme möglich,Keine Aufnahme möglich,Pinneberg,Kreis,Schleswig-Holstein,Frauenhaus,False,False,False,False
KARO e.V.,2266,50.4950632,12.1346523,2022-12-25 08:01:00,Keine Aufnahme möglich,Keine Aufnahme möglich,Vogtlandkreis,Landkreis,Sachsen,Frauenhaus,False,False,False,False
Autonomes Frauenhaus Kreis Plön,2034,54.232749761427,10.279783840293,2022-12-25 08:01:00,Keine Aufnahme möglich,Keine Aufnahme möglich,Plön,Kreis,Schleswig-Holstein,Frauenhaus,True,False,False,False
Frauen- und Kinderschutzhaus,2268,47.764202227177,9.604661644156,2022-12-25 08:01:00,Keine Aufnahme möglich,Keine Aufnahme möglich,Ravensburg,Landkreis,Baden-Württemberg,Frauenhaus,False,False,False,False
Frauenhaus Recklinghausen e.V.,2380,51.562289600477,7.197057131299,2022-12-25 08:01:00,Keine Aufnahme möglich,Keine Aufnahme möglich,Recklinghausen,Kreis,Nordrhein-Westfalen,Frauenhaus,False,False,False,False
Frauenhaus Remscheid,2356,51.1463909,7.2148641,2022-12-25 08:01:00,Keine Aufnahme möglich,Keine Aufnahme möglich,Rheinisch-Bergischer Kreis,Kreis,Nordrhein-Westfalen,Frauenhaus,True,False,True,False
Frauenhaus Rendsburg gGmbH,2191,54.308288610642,9.658791079076,2022-12-25 08:01:00,Aufnahme möglich für Frauen mit 3 Kindern,Aufnahme möglich für Frauen mit mehreren Kindern,Rendsburg-Eckernförde,Kreis,Schleswig-Holstein,Frauenhaus,True,False,False,False
Frauenhaus Rodgau,2166,50.021737483593,8.882036802864,2022-12-25 08:01:00,Keine Aufnahme möglich,Keine Aufnahme möglich,Offenbach,Landkreis,Hessen,Frauenhaus,False,False,False,False
Frauenhaus Rosenheim/Traunstein,2269,47.8571272,12.1181047,2022-12-25 08:01:00,Keine Aufnahme möglich,Keine Aufnahme möglich,Rosenheim,Kreisfreie Stadt,Bayern,Frauenhaus,False,False,False,False
Autonomes Frauenhaus Rostock,2163,54.052138471041,12.10428681682,2022-12-25 08:01:00,Keine Aufnahme möglich,Keine Aufnahme möglich,Rostock,Landkreis,Mecklenburg-Vorpommern,Frauenhaus,False,False,False,False
Frauenhaus Salzgitter,2128,52.159624591925,10.331093344387,2022-12-25 08:01:00,k.A.,keine Angabe,Salzgitter,Kreisfreie Stadt,Niedersachsen,Frauenhaus,False,False,False,False
Frauen- und Kinderschutzhaus Sangerhausen,2058,51.4798304,11.2943896,2022-12-25 08:01:00,Aufnahme möglich ohne detaillierte Angabe,Aufnahme möglich ohne detaillierte Angabe,Mansfeld-Südharz,Landkreis,Sachsen-Anhalt,Frauenhaus,False,False,False,False
Frauenhaus des Rhein-Sieg-Kreises,2228,50.749009526955,7.221746527917,2022-12-25 08:01:00,Keine Aufnahme möglich,Keine Aufnahme möglich,Rhein-Sieg-Kreis,Kreis,Nordrhein-Westfalen,Frauenhaus,False,False,False,False
Frauen-und Kinderschutzhaus Schwäbisch Hall,2176,49.112065275931,9.732801718754,2022-12-25 08:01:00,k.A.,keine Angabe,Schwäbisch Hall,Landkreis,Baden-Württemberg,Frauenhaus,True,False,False,False
Frauenhaus Schwedt,2079,53.072867194575,14.277710475059,2022-12-25 08:01:00,k.A.,keine Angabe,Uckermark,Landkreis,Brandenburg,Frauenhaus,True,False,False,False
Frauenhaus Siegen,2154,50.8759626,8.0164616,2022-12-25 08:01:00,Keine Aufnahme möglich,Keine Aufnahme möglich,Siegen-Wittgenstein,Kreis,Nordrhein-Westfalen,Frauenhaus,False,False,False,False
Frauenhaus Soest,2144,51.565331935758,8.097908720838,2022-12-25 08:01:00,Keine Aufnahme möglich,Keine Aufnahme möglich,Soest,Kreis,Nordrhein-Westfalen,Frauenhaus,False,False,False,False
Frauenhaus e.V. Solingen,2110,51.1238982,6.978047,2022-12-25 08:01:00,Keine Aufnahme möglich,Keine Aufnahme möglich,Mettmann,Kreis,Nordrhein-Westfalen,Frauenhaus,True,False,False,False
Frauenhaus Speyer,2174,49.322620194502,8.429573035315,2022-12-25 08:01:00,Keine Aufnahme möglich,Keine Aufnahme möglich,Speyer,Kreisfreie Stadt,Rheinland-Pfalz,Frauenhaus,False,False,False,False
Frauenhaus Straubing,2108,48.8777333,12.5801539,2022-12-25 08:01:00,k.A.,keine Angabe,Straubing,Kreisfreie Stadt,Bayern,Frauenhaus,True,False,False,False
Autonomes Frauenhaus Stuttgart,2078,48.763984707357,9.174786993125,2022-12-25 08:01:00,Keine Aufnahme möglich,Keine Aufnahme möglich,Stuttgart,Stadtkreis,Baden-Württemberg,Frauenhaus,False,False,False,False
Städtisches Frauenhaus Stuttgart,2197,48.76986235,9.211651935853,2022-12-25 08:01:00,Keine Aufnahme möglich,Keine Aufnahme möglich,Stuttgart,Stadtkreis,Baden-Württemberg,Frauenhaus,False,False,False,False
Frauenschutzwohnungen Landkreis Nordsachsen,2042,51.5628862,12.9909587,2022-12-25 08:01:00,k.A.,keine Angabe,Nordsachsen,Landkreis,Sachsen,Schutzwohnung,False,False,False,False
Autonomes Frauenhaus Trier,2137,49.749992,6.6371433,2022-12-25 08:01:00,Keine Aufnahme möglich,Keine Aufnahme möglich,Trier,Kreisfreie Stadt,Rheinland-Pfalz,Frauenhaus,False,False,False,False
Frauen- und Kinderschutzhaus Troisdorf,2130,50.813948,7.1508684,2022-12-25 08:01:00,Keine Aufnahme möglich,Keine Aufnahme möglich,Rhein-Sieg-Kreis,Kreis,Nordrhein-Westfalen,Frauenhaus,True,False,False,False
Autonomes Frauenhaus Tübingen,2012,48.52057725995,9.025027129822,2022-12-25 08:01:00,Keine Aufnahme möglich,Keine Aufnahme möglich,Tübingen,Landkreis,Baden-Württemberg,Frauenhaus,False,False,False,False
Autonomes Frauenhaus,2170,50.25418357165,9.295718601627,2022-12-25 08:01:00,Keine Aufnahme möglich,Keine Aufnahme möglich,Main-Kinzig-Kreis,Landkreis,Hessen,Frauenhaus,False,False,False,False
Frauen- und Kinderschutzhaus im Hohenlohekreis,2222,49.181288581991,9.637402053841999,2022-12-25 08:01:00,Keine Aufnahme möglich,Keine Aufnahme möglich,Hohenlohekreis,Landkreis,Baden-Württemberg,Frauenhaus,False,False,False,False
Frauenhaus Weiden,2071,49.677827673914,12.154750706237,2022-12-25 08:01:00,Keine Aufnahme möglich,Keine Aufnahme möglich,Weiden i.d. OPf.,Kreisfreie Stadt,Bayern,Frauenhaus,True,False,True,False
Frauenhaus Wetzlar e.V.,2208,50.559625165351,8.499134628186,2022-12-25 08:01:00,Keine Aufnahme möglich,Keine Aufnahme möglich,Lahn-Dill-Kreis,Landkreis,Hessen,Frauenhaus,False,False,False,False
Haus für Frauen in Not Wiesbaden,2158,50.077813921273,8.236045029311,2022-12-25 08:01:00,Keine Aufnahme möglich,Keine Aufnahme möglich,Wiesbaden,Kreisfreie Stadt,Hessen,Frauenhaus,False,False,False,False
Frauenhaus EN,2073,51.4438167,7.3417483,2022-12-25 08:01:00,Keine Aufnahme möglich,Keine Aufnahme möglich,Ennepe-Ruhr-Kreis,Kreis,Nordrhein-Westfalen,Frauenhaus,False,False,False,False
Frauen helfen Frauen e.V.,2275,47.915446386913,11.423220582099,2022-12-25 08:01:00,Aufnahme möglich für Frauen mit 3 Kindern,Aufnahme möglich für Frauen mit mehreren Kindern,Bad Tölz-Wolfratshausen,Landkreis,Bayern,Frauenhaus,True,False,False,False
Wolfsburger Frauenhaus,2383,52.421175871211,10.79371507002,2022-12-25 08:01:00,Keine Aufnahme möglich,Keine Aufnahme möglich,Wolfsburg,Kreisfreie Stadt,Niedersachsen,Frauenhaus,False,False,False,False
Frauenhaus Zollernalbkreis,2046,48.269484562955,8.94737584922,2022-12-25 08:01:00,Keine Aufnahme möglich,Keine Aufnahme möglich,Zollernalbkreis,Landkreis,Baden-Württemberg,Frauenhaus,False,False,False,False
Frauen- und Kinderschutzhaus Konstanz,2408,47.681740847498,9.158822455441,2022-12-25 08:01:00,k.A.,keine Angabe,Konstanz,Landkreis,Baden-Württemberg,Frauenhaus,False,False,False,False
Frauenhaus Lila Villa e.V.,2409,49.4612447,8.1705981,2022-12-25 08:01:00,Keine Aufnahme möglich,Keine Aufnahme möglich,Bad Dürkheim,Landkreis,Rheinland-Pfalz,Frauenhaus,False,False,False,False
Frauenhaus Ludwigshafen,2415,49.479714236326,8.449962862506,2022-12-25 08:01:00,Keine Aufnahme möglich,Keine Aufnahme möglich,Ludwigshafen am Rhein,Kreisfreie Stadt,Rheinland-Pfalz,Frauenhaus,False,False,False,False
Frauenhaus Worms,2410,49.6238729,8.359877471689,2022-12-25 08:01:00,Keine Aufnahme möglich,Keine Aufnahme möglich,Worms,Kreisfreie Stadt,Rheinland-Pfalz,Frauenhaus,False,False,False,False
"Frauen und Kinderschutzhaus Baden-Baden, Landkreis Rastatt",2432,48.766436,8.244599718105,2022-12-25 08:01:00,Keine Aufnahme möglich,Keine Aufnahme möglich,Baden-Baden,Stadtkreis,Baden-Württemberg,Frauenhaus,False,False,False,False
Goslarer Frauenhaus e.V.,2457,51.905936897584,10.429016418709,2022-12-25 08:01:00,k.A.,keine Angabe,Goslar,Landkreis,Niedersachsen,Frauenhaus,False,False,False,False
Frauenhaus Northeim,2468,51.708197825579,9.999778867737,2022-12-25 08:01:00,Keine Aufnahme möglich,Keine Aufnahme möglich,Northeim,Landkreis,Niedersachsen,Frauenhaus,False,False,False,False
Mannheimer Frauenhaus,2459,49.546312398996,8.461605604247,2022-12-25 08:01:00,Keine Aufnahme möglich,Keine Aufnahme möglich,Mannheim,Stadtkreis,Baden-Württemberg,Frauenhaus,True,False,False,False
Frauenhaus der AWO Bremen,2431,53.0792962,8.8016937,2022-12-25 08:01:00,Keine Aufnahme möglich,Keine Aufnahme möglich,Bremen,Kreisfreie Stadt,Bremen,Frauenhaus,True,False,False,False
Frauenhaus Amberg,2493,49.434897926183,11.845632636832,2022-12-25 08:01:00,Keine Aufnahme möglich,Keine Aufnahme möglich,Amberg,Kreisfreie Stadt,Bayern,Frauenhaus,True,False,False,False
Frauenhaus Stormarn,2343,53.674312919727,10.231099789877,2022-12-25 08:01:00,Keine Aufnahme möglich,Keine Aufnahme möglich,Stormarn,Kreis,Schleswig-Holstein,Frauenhaus,False,False,False,False
Frauenhaus Arnsberg,2182,51.407732617724,8.051075898828,2022-12-25 08:01:00,Keine Aufnahme möglich,Keine Aufnahme möglich,Hochsauerlandkreis,Kreis,Nordrhein-Westfalen,Frauenhaus,False,False,False,False
Frauenhaus Bad Kreuznach,2053,49.8428494,7.8667379,2022-12-25 08:01:00,Keine Aufnahme möglich,Keine Aufnahme möglich,Bad Kreuznach,Landkreis,Rheinland-Pfalz,Frauenhaus,False,False,False,False
Beratungsstelle für Betroffene von häuslicher Gewalt,2190,54.4151606,13.425834,2022-12-25 08:01:00,Keine Aufnahme möglich,Keine Aufnahme möglich,Vorpommern-Rügen,Landkreis,Mecklenburg-Vorpommern,Schutzwohnung,False,False,False,False
Frauenhaus Bergisch Gladbach,2067,50.992223921021,7.153430002869,2022-12-25 08:01:00,Keine Aufnahme möglich,Keine Aufnahme möglich,Rheinisch-Bergischer Kreis,Kreis,Nordrhein-Westfalen,Frauenhaus,False,False,False,False
Hestia Zufluchtswohnungen Prenzlauer Berg,2096,52.5355509,13.425688849992,2022-12-25 08:01:00,Keine Aufnahme möglich,Keine Aufnahme möglich,Berlin,Kreisfreie Stadt,Berlin,Schutzwohnung,False,False,False,False
Autonomes Frauenhaus Bielefeld,2220,52.0191005,8.531007,2022-12-25 08:01:00,Keine Aufnahme möglich,Keine Aufnahme möglich,Bielefeld,Kreisfreie Stadt,Nordrhein-Westfalen,Frauenhaus,False,False,False,False
Frauen helfen Frauen e.V. Dinslaken,2145,51.567639806596,6.747491084656,2022-12-25 08:01:00,Keine Aufnahme möglich,Keine Aufnahme möglich,Wesel,Kreis,Nordrhein-Westfalen,Frauenhaus,False,False,False,False
Autonomes Frauenhaus Duisburg,2199,51.434999,6.759562,2022-12-25 08:01:00,Keine Aufnahme möglich,Keine Aufnahme möglich,Duisburg,Kreisfreie Stadt,Nordrhein-Westfalen,Frauenhaus,False,False,False,False
Frauenhaus Ostholstein,2189,54.119768481237,10.631741869357,2022-12-25 08:01:00,Keine Aufnahme möglich,Keine Aufnahme möglich,Ostholstein,Kreis,Schleswig-Holstein,Frauenhaus,True,False,False,False
Frauenhaus Frankenthal,2123,49.5377072,8.3560768,2022-12-25 08:01:00,Keine Aufnahme möglich,Keine Aufnahme möglich,Frankenthal (Pfalz),Kreisfreie Stadt,Rheinland-Pfalz,Frauenhaus,True,False,False,False
Frauenhaus Fulda,2294,50.555220369978,9.649742916617,2022-12-25 08:01:00,Keine Aufnahme möglich,Keine Aufnahme möglich,Fulda,Landkreis,Hessen,Frauenhaus,False,False,False,False
Autonomes Frauenhaus Gießen,2181,50.581233679102,8.666742445447,2022-12-25 08:01:00,Keine Aufnahme möglich,Keine Aufnahme möglich,Gießen,Landkreis,Hessen,Frauenhaus,False,False,False,False
Frauenhaus Herford,2033,52.1196393,8.6637749,2022-12-25 08:01:00,Keine Aufnahme möglich,Keine Aufnahme möglich,Herford,Kreis,Nordrhein-Westfalen,Frauenhaus,False,False,False,False
1. Frauenhaus Köln,2140,50.933466575848,6.998637825656,2022-12-25 08:01:00,Keine Aufnahme möglich,Keine Aufnahme möglich,Köln,Kreisfreie Stadt,Nordrhein-Westfalen,Frauenhaus,True,False,False,False
2. Autonomes Frauenhaus Köln,2253,50.921396360676,6.995416051662,2022-12-25 08:01:00,Keine Aufnahme möglich,Keine Aufnahme möglich,Köln,Kreisfreie Stadt,Nordrhein-Westfalen,Frauenhaus,False,False,False,False
1. Autonomes Frauenhaus,2027,51.325187635158,12.373901299377,2022-12-25 08:01:00,Keine Aufnahme möglich,Keine Aufnahme möglich,Leipzig,Kreisfreie Stadt,Sachsen,Frauenhaus,False,False,False,False
S.H.E. - Schutzhaus für geflüchtete Frauen,2029,51.324894093361,12.374329706113,2022-12-25 08:01:00,Keine Aufnahme möglich,Keine Aufnahme möglich,Leipzig,Kreisfreie Stadt,Sachsen,Schutzwohnung,False,False,False,False
AWO Frauenhaus Ludwigslust,2148,53.3244914,11.4969238,2022-12-25 08:01:00,Keine Aufnahme möglich,Keine Aufnahme möglich,Ludwigslust-Parchim,Landkreis,Mecklenburg-Vorpommern,Frauenhaus,False,False,False,False
Autonomes Frauenhaus Memmingen,2069,47.9848507,10.1870278,2022-12-25 08:01:00,k.A.,keine Angabe,Memmingen,Kreisfreie Stadt,Bayern,Frauenhaus,False,False,False,False
Frauen- und Kinderschutzhaus für den Kreis Mettmann,2111,51.255178427612,6.968892885788,2022-12-25 08:01:00,Keine Aufnahme möglich,Keine Aufnahme möglich,Mettmann,Kreis,Nordrhein-Westfalen,Frauenhaus,False,False,False,False
Autonomes Frauenhaus Rheydt,2048,51.164802443583,6.446487203488,2022-12-25 08:01:00,Keine Aufnahme möglich,Keine Aufnahme möglich,Mönchengladbach,Kreisfreie Stadt,Nordrhein-Westfalen,Frauenhaus,False,False,False,False
Frauen- und Kinderschutzhaus Neckar-Odenwald-Kreis,2234,49.3489153,9.1293829,2022-12-25 08:01:00,Keine Aufnahme möglich,Keine Aufnahme möglich,Neckar-Odenwald-Kreis,Landkreis,Baden-Württemberg,Frauenhaus,False,False,False,False
Frauenhaus Oberursel,2214,50.203012037124,8.578525319621999,2022-12-25 08:01:00,Keine Aufnahme möglich,Keine Aufnahme möglich,Hochtaunuskreis,Landkreis,Hessen,Frauenhaus,True,False,False,False
Autonomes Frauenhaus Oldenburg e.V.,2136,53.139855192327,8.227910833021,2022-12-25 08:01:00,k.A.,keine Angabe,Oldenburg (Oldb),Kreisfreie Stadt,Niedersachsen,Frauenhaus,True,False,False,False
Frauenhaus Olpe,2047,51.030930004953,7.855977750318,2022-12-25 08:01:00,Keine Aufnahme möglich,Keine Aufnahme möglich,Olpe,Kreis,Nordrhein-Westfalen,Frauenhaus,False,False,False,False
Autonomes Frauenhaus Osnabrück,2089,52.274435951938,8.04727121527,2022-12-25 08:01:00,Keine Aufnahme möglich,Keine Aufnahme möglich,Osnabrück,Kreisfreie Stadt,Niedersachsen,Frauenhaus,False,True,False,False
Frauenhaus Paderborn,2023,51.711630197753,8.754784819168,2022-12-25 08:01:00,Keine Aufnahme möglich,Keine Aufnahme möglich,Paderborn,Kreis,Nordrhein-Westfalen,Frauenhaus,False,False,False,False
Frauenhaus Rheine,2313,52.275648335048,7.43452908728,2022-12-25 08:01:00,Keine Aufnahme möglich,Keine Aufnahme möglich,Steinfurt,Kreis,Nordrhein-Westfalen,Frauenhaus,False,False,False,False
Frauenhaus Hochfranken,2119,50.162945060814,12.134807622047,2022-12-25 08:01:00,Keine Aufnahme möglich,Keine Aufnahme möglich,Wunsiedel i. Fichtelgebirge,Landkreis,Bayern,Frauenhaus,False,False,False,False
Frauenhaus Sondershausen,2038,51.3700633,10.8491714,2022-12-25 08:01:00,Aufnahme möglich ohne detaillierte Angabe,Aufnahme möglich ohne detaillierte Angabe,Kyffhäuserkreis,Landkreis,Thüringen,Frauenhaus,False,False,False,False
AWO Frauenschutzhaus Stralsund,2172,54.3161903,13.0950601,2022-12-25 08:01:00,Keine Aufnahme möglich,Keine Aufnahme möglich,Vorpommern-Rügen,Landkreis,Mecklenburg-Vorpommern,Frauenhaus,False,False,False,False
Frauenhaus Telgte,2133,51.984441708803,7.788351593569,2022-12-25 08:01:00,Keine Aufnahme möglich,Keine Aufnahme möglich,Warendorf,Kreis,Nordrhein-Westfalen,Frauenhaus,False,False,False,False
Frauenhaus Unna,2233,51.55022541813,7.691389709733,2022-12-25 08:01:00,Keine Aufnahme möglich,Keine Aufnahme möglich,Unna,Kreis,Nordrhein-Westfalen,Frauenhaus,True,False,False,False
Frauenhaus Warendorf,2074,51.9501568,7.9840382,2022-12-25 08:01:00,Keine Aufnahme möglich,Keine Aufnahme möglich,Warendorf,Kreis,Nordrhein-Westfalen,Frauenhaus,False,False,False,False
Autonomes Frauenhaus Wedel,2188,53.583195431882,9.709891071281,2022-12-25 08:01:00,Keine Aufnahme möglich,Keine Aufnahme möglich,Pinneberg,Kreis,Schleswig-Holstein,Frauenhaus,False,False,False,False
Schutzwohnung im Rhein-Neckar-Kreis,2271,49.54620451729,8.649864854517,2022-12-25 08:01:00,Keine Aufnahme möglich,Keine Aufnahme möglich,Rhein-Neckar-Kreis,Landkreis,Baden-Württemberg,Schutzwohnung,False,False,False,False
Frauen helfen Frauen e.V.,2153,51.283777950273,7.143748029476,2022-12-25 08:01:00,Keine Aufnahme möglich,Keine Aufnahme möglich,Wuppertal,Kreisfreie Stadt,Nordrhein-Westfalen,Frauenhaus,True,False,True,False
AWO Frauenhaus Würzburg,2138,49.802231315947,9.936143759985,2022-12-25 08:01:00,k.A.,keine Angabe,Würzburg,Kreisfreie Stadt,Bayern,Frauenhaus,False,False,False,False
Frauenhaus Ahrweiler,2412,50.541523495852,7.120312435242,2022-12-25 08:01:00,Keine Aufnahme möglich,Keine Aufnahme möglich,Ahrweiler,Landkreis,Rheinland-Pfalz,Frauenhaus,False,False,False,False
Frauenhaus Koblenz,2413,50.350559513859,7.592017311078,2022-12-25 08:01:00,Keine Aufnahme möglich,Keine Aufnahme möglich,Koblenz,Kreisfreie Stadt,Rheinland-Pfalz,Frauenhaus,False,False,False,False
Frauenhaus Pirmasens,2417,49.206297144295,7.5975454991269995,2022-12-25 08:01:00,Keine Aufnahme möglich,Keine Aufnahme möglich,Pirmasens,Kreisfreie Stadt,Rheinland-Pfalz,Frauenhaus,False,False,False,False
Frauenhaus Düsseldorf,2419,51.2418056,6.8082556,2022-12-25 08:01:00,Keine Aufnahme möglich,Keine Aufnahme möglich,Düsseldorf,Kreisfreie Stadt,Nordrhein-Westfalen,Frauenhaus,False,False,False,False
Frauen- und Kinderschutzhaus,2423,51.502765616284,9.117780029782,2022-12-25 08:01:00,Keine Aufnahme möglich,Keine Aufnahme möglich,Höxter,Kreis,Nordrhein-Westfalen,Frauenhaus,False,False,False,False
Frauenhaus Mayen-Koblenz,2426,50.325712347282,7.2284572929,2022-12-25 08:01:00,Keine Aufnahme möglich,Keine Aufnahme möglich,Mayen-Koblenz,Landkreis,Rheinland-Pfalz,Frauenhaus,True,False,True,False
Schutzwohnungen Nordfriesland,2438,54.6156443,8.9676337,2022-12-25 08:01:00,Keine Aufnahme möglich,Keine Aufnahme möglich,Nordfriesland,Kreis,Schleswig-Holstein,Schutzwohnung,False,False,False,False
Schutzraum SEGEL Mannheim,2458,49.493452209363,8.468547144257,2022-12-25 08:01:00,Keine Aufnahme möglich,Keine Aufnahme möglich,Mannheim,Stadtkreis,Baden-Württemberg,Schutzwohnung,False,False,False,True
Frauen- und Kinderschutzhaus Sigmaringen,2462,48.086971599501,9.214495963747,2022-12-25 08:01:00,k.A.,keine Angabe,Sigmaringen,Landkreis,Baden-Württemberg,Frauenhaus,False,False,False,False
Frauenschutzwohnung Altenburg,2276,50.9888921,12.429075,2022-12-25 08:01:00,Keine Aufnahme möglich,Keine Aufnahme möglich,Altenburger Land,Landkreis,Thüringen,Schutzwohnung,False,False,False,False
Frauenschutz Weimarer Land,2062,51.020381404684,11.4986504232,2022-12-25 08:01:00,Keine Aufnahme möglich,Keine Aufnahme möglich,Weimarer Land,Landkreis,Thüringen,Frauenhaus,False,False,False,False
Frauen- und Kinderschutzhaus Bay. Untermain,2120,49.977036120801,9.145832480125,2022-12-25 08:01:00,Keine Aufnahme möglich,Keine Aufnahme möglich,Aschaffenburg,Kreisfreie Stadt,Bayern,Frauenhaus,False,False,False,False
Frauen-und Kinderschutzhaus Aschersleben,2291,51.7559549,11.462134,2022-12-25 08:01:00,Keine Aufnahme möglich,Keine Aufnahme möglich,Salzlandkreis,Landkreis,Sachsen-Anhalt,Frauenhaus,True,False,False,False
Frauenhaus Augsburg,2243,48.3668041,10.8986971,2022-12-25 08:01:00,k.A.,keine Angabe,Augsburg,Kreisfreie Stadt,Bayern,Frauenhaus,False,True,False,False
Frauenhaus,2192,49.9006357,10.8997336,2022-12-25 08:01:00,k.A.,keine Angabe,Bamberg,Kreisfreie Stadt,Bayern,Frauenhaus,False,False,False,False
Frauenhaus im Landkreis Kassel,2035,51.2550775,9.4119007,2022-12-25 08:01:00,Keine Aufnahme möglich,Keine Aufnahme möglich,Kassel,Landkreis,Hessen,Frauenhaus,True,False,False,False
Zufluchtswohung Matilde,2060,52.53713195,13.610523076316,2022-12-25 08:01:00,Keine Aufnahme möglich,Keine Aufnahme möglich,Berlin,Kreisfreie Stadt,Berlin,Schutzwohnung,False,False,False,False
DRk Frauenschutzhaus Burg,2307,52.269276139014,11.852119516482,2022-12-25 08:01:00,Keine Aufnahme möglich,Keine Aufnahme möglich,Jerichower Land,Landkreis,Sachsen-Anhalt,Frauenhaus,False,False,False,False
Frauenhaus Burghausen,2252,48.170001152799,12.82481067792,2022-12-25 08:01:00,Keine Aufnahme möglich,Keine Aufnahme möglich,Altötting,Landkreis,Bayern,Frauenhaus,False,False,False,False
Frauenhaus Coburg,2224,50.257505531706,10.961128141975,2022-12-25 08:01:00,Keine Aufnahme möglich,Keine Aufnahme möglich,Coburg,Kreisfreie Stadt,Bayern,Frauenhaus,False,False,False,False
Frauenhaus Datteln,2169,51.651767115463,7.328764232949,2022-12-25 08:01:00,Keine Aufnahme möglich,Keine Aufnahme möglich,Recklinghausen,Kreis,Nordrhein-Westfalen,Frauenhaus,False,False,False,False
Frauen- und Kinderschutzhaus Dorsten,2115,51.654119376554,6.963879626385,2022-12-25 08:01:00,Keine Aufnahme möglich,Keine Aufnahme möglich,Recklinghausen,Kreis,Nordrhein-Westfalen,Frauenhaus,False,False,False,False
Frauen- und Kinderschutzhaus,2365,51.825388946298,7.269914071563,2022-12-25 08:01:00,Keine Aufnahme möglich,Keine Aufnahme möglich,Coesfeld,Kreis,Nordrhein-Westfalen,Frauenhaus,False,True,False,False
Internationales Frauenhaus,2328,51.236733864852,6.792454779053,2022-12-25 08:01:00,Keine Aufnahme möglich,Keine Aufnahme möglich,Düsseldorf,Kreisfreie Stadt,Nordrhein-Westfalen,Frauenhaus,False,False,False,False
Frauenhaus Eisenach,2105,50.990688888944,10.304182716389,2022-12-25 08:01:00,k.A.,keine Angabe,Eisenach,Kreisfreie Stadt,Thüringen,Frauenhaus,False,False,False,False
Frauenhaus und Beratungsstelle,2139,52.1448863,14.6294413,2022-12-25 08:01:00,Keine Aufnahme möglich,Keine Aufnahme möglich,Oder-Spree,Landkreis,Brandenburg,Frauenhaus,False,False,False,False
Frauenhaus Erbach,2261,49.653690533425,8.995164437466,2022-12-25 08:01:00,Keine Aufnahme möglich,Keine Aufnahme möglich,Odenwaldkreis,Landkreis,Hessen,Frauenhaus,True,False,False,False
Frauenhaus Rhein - Erftkreis e.V.,2076,50.8072763,6.8330117999999995,2022-12-25 08:01:00,Keine Aufnahme möglich,Keine Aufnahme möglich,Rhein-Erft-Kreis,Kreis,Nordrhein-Westfalen,Frauenhaus,False,False,False,False
Frauenhaus Erfurt,2149,50.97579155,11.020273533775,2022-12-25 08:01:00,Keine Aufnahme möglich,Keine Aufnahme möglich,Erfurt,Kreisfreie Stadt,Thüringen,Frauenhaus,False,False,False,False
Frauen - und Kinderschutzhaus Filder,2080,48.663256354141,9.219398527189,2022-12-25 08:01:00,Keine Aufnahme möglich,Keine Aufnahme möglich,Esslingen,Landkreis,Baden-Württemberg,Frauenhaus,False,False,False,False
Frauenhaus Flensburg,2255,54.79485029629,9.423378659978,2022-12-25 08:01:00,Keine Aufnahme möglich,Keine Aufnahme möglich,Flensburg,Kreisfreie Stadt,Schleswig-Holstein,Frauenhaus,False,False,False,False
Frauenhaus Frankfurt (Oder),2248,52.343312285202,14.546619410747,2022-12-25 08:01:00,Keine Aufnahme möglich,Keine Aufnahme möglich,Frankfurt (Oder),Kreisfreie Stadt,Brandenburg,Frauenhaus,False,False,False,False
Frauenschutzhaus Freiberg,2083,50.895481287937,13.333490439612,2022-12-25 08:01:00,Keine Aufnahme möglich,Keine Aufnahme möglich,Mittelsachsen,Landkreis,Sachsen,Frauenhaus,False,False,False,False
Frauen- und Kinderschutzhaus Freiburg,2092,48.0327354,7.857524774655,2022-12-25 08:01:00,Keine Aufnahme möglich,Keine Aufnahme möglich,Freiburg im Breisgau,Stadtkreis,Baden-Württemberg,Frauenhaus,False,False,False,False
Frauen- und Kinderhilfe Göppingen,2097,48.705872999684,9.649685019812999,2022-12-25 08:01:00,k.A.,keine Angabe,Göppingen,Landkreis,Baden-Württemberg,Frauenhaus,False,False,False,False
Frauenschutzhaus,2219,53.793364322518,12.181076883324,2022-12-25 08:01:00,Keine Aufnahme möglich,Keine Aufnahme möglich,Rostock,Landkreis,Mecklenburg-Vorpommern,Frauenhaus,False,False,False,False
Frauenhaus Gütersloh,2267,51.9063997,8.3782078,2022-12-25 08:01:00,Keine Aufnahme möglich,Keine Aufnahme möglich,Gütersloh,Kreis,Nordrhein-Westfalen,Frauenhaus,False,False,False,False
Autonomes Frauenhaus Heilbronn,2259,49.131106886991,9.228034832273,2022-12-25 08:01:00,Keine Aufnahme möglich,Keine Aufnahme möglich,Heilbronn,Stadtkreis,Baden-Württemberg,Frauenhaus,False,False,False,False
Frauenschutzhaus Helmstedt,2290,52.232426476168,11.004057698082,2022-12-25 08:01:00,Keine Aufnahme möglich,Keine Aufnahme möglich,Helmstedt,Landkreis,Niedersachsen,Frauenhaus,True,False,False,False
Frauenhaus Herten,2157,51.572645954604,7.131574084656,2022-12-25 08:01:00,Keine Aufnahme möglich,Keine Aufnahme möglich,Gelsenkirchen,Kreisfreie Stadt,Nordrhein-Westfalen,Frauenhaus,False,False,False,False
AWO Frauenhaus Schwalm-Eder,2104,51.030353699843,9.41785004983,2022-12-25 08:01:00,Keine Aufnahme möglich,Keine Aufnahme möglich,Schwalm-Eder-Kreis,Landkreis,Hessen,Frauenhaus,False,False,False,False
Frauenhaus Idar-Oberstein,2183,49.699458006547,7.321442009631,2022-12-25 08:01:00,Keine Aufnahme möglich,Keine Aufnahme möglich,Birkenfeld,Landkreis,Rheinland-Pfalz,Frauenhaus,False,False,False,False
Caritas Frauenhaus Ingolstadt,2260,48.7630165,11.4250395,2022-12-25 08:01:00,k.A.,keine Angabe,Ingolstadt,Kreisfreie Stadt,Bayern,Frauenhaus,True,False,False,False
Jenaer Frauenhaus e.V.,2272,50.9463598,11.5977589,2022-12-25 08:01:00,Keine Aufnahme möglich,Keine Aufnahme möglich,Jena,Kreisfreie Stadt,Thüringen,Frauenhaus,False,False,False,False
Frauenzuflucht Kaiserslautern,2236,49.44167141989,7.76806020992,2022-12-25 08:01:00,Keine Aufnahme möglich,Keine Aufnahme möglich,Kaiserslautern,Kreisfreie Stadt,Rheinland-Pfalz,Frauenhaus,False,False,False,False
Frauenhaus Kassel,2165,51.273161334306,9.466445816736,2022-12-25 08:01:00,Keine Aufnahme möglich,Keine Aufnahme möglich,Kassel,Kreisfreie Stadt,Hessen,Frauenhaus,True,True,False,False
Autonomes Frauenhaus Kempten (Allgäu),2024,47.762382099999996,10.3245689,2022-12-25 08:01:00,Keine Aufnahme möglich,Keine Aufnahme möglich,Kempten (Allgäu),Kreisfreie Stadt,Bayern,Frauenhaus,False,False,False,False
Frauenhaus Köthen,2161,51.75046975,11.988520313845,2022-12-25 08:01:00,Aufnahme möglich ohne detaillierte Angabe,Aufnahme möglich ohne detaillierte Angabe,Anhalt-Bitterfeld,Landkreis,Sachsen-Anhalt,Frauenhaus,False,False,False,False
Frauen- und Kinderschutzhaus Krefeld,2229,51.331785882029,6.558523443055,2022-12-25 08:01:00,Keine Aufnahme möglich,Keine Aufnahme möglich,Krefeld,Kreisfreie Stadt,Nordrhein-Westfalen,Frauenhaus,False,False,False,False
AWO Frauenhaus Landshut,2187,48.53761662542,12.153462601108,2022-12-25 08:01:00,Keine Aufnahme möglich,Keine Aufnahme möglich,Landshut,Kreisfreie Stadt,Bayern,Frauenhaus,False,False,False,False
Caritas Frauenhaus Landshut,2218,48.538071270726,12.162603569431,2022-12-25 08:01:00,Keine Aufnahme möglich,Keine Aufnahme möglich,Landshut,Kreisfreie Stadt,Bayern,Frauenhaus,False,False,False,False
Autonomes Frauenhaus Lübeck,2249,53.867549231603,10.687671111421,2022-12-25 08:01:00,Keine Aufnahme möglich,Keine Aufnahme möglich,Lübeck,Kreisfreie Stadt,Schleswig-Holstein,Frauenhaus,True,False,False,False
Frauen- und Kinderschutzhaus Heckertstift,2008,49.492173028558,8.452588097834,2022-12-25 08:01:00,Keine Aufnahme möglich,Keine Aufnahme möglich,Mannheim,Stadtkreis,Baden-Württemberg,Frauenhaus,False,False,False,False
Frauenhaus Meiningen,2057,50.565930470512,10.408470644478,2022-12-25 08:01:00,Keine Aufnahme möglich,Keine Aufnahme möglich,Schmalkalden-Meiningen,Landkreis,Thüringen,Frauenhaus,False,False,False,False
Frauen- und Kinderschutzhaus Merseburg,2030,51.3568506,11.9904345,2022-12-25 08:01:00,Keine Aufnahme möglich,Keine Aufnahme möglich,Saalekreis,Landkreis,Sachsen-Anhalt,Frauenhaus,False,False,False,False
Frauen- und Kinderschutzhaus Moers,2330,51.446276386047,6.636759749098,2022-12-25 08:01:00,Keine Aufnahme möglich,Keine Aufnahme möglich,Wesel,Kreis,Nordrhein-Westfalen,Frauenhaus,False,False,False,False
Frauen- und Kinderschutzhaus Neubrandenburg,2216,53.557445799999996,13.2602781,2022-12-25 08:01:00,k.A.,keine Angabe,Mecklenburgische Seenplatte,Landkreis,Mecklenburg-Vorpommern,Frauenhaus,False,False,False,False
Frauenhaus Neunkirchen,2010,49.37167025,7.207534594691,2022-12-25 08:01:00,Aufnahme möglich ohne detaillierte Angabe,Aufnahme möglich ohne detaillierte Angabe,Neunkirchen,Landkreis,Saarland,Frauenhaus,False,False,False,False
Frauenhaus,2401,52.6380924,9.2084155,2022-12-25 08:01:00,Keine Aufnahme möglich,Keine Aufnahme möglich,Nienburg (Weser),Landkreis,Niedersachsen,Frauenhaus,False,False,False,False
Frauenhaus Oberhausen,2134,51.466433645076,6.858153386625,2022-12-25 08:01:00,Keine Aufnahme möglich,Keine Aufnahme möglich,Oberhausen,Kreisfreie Stadt,Nordrhein-Westfalen,Frauenhaus,False,False,False,False
Ökumenisches Frauenhaus Pforzheim,2204,48.8667572,8.7531246,2022-12-25 08:01:00,Keine Aufnahme möglich,Keine Aufnahme möglich,Pforzheim,Stadtkreis,Baden-Württemberg,Frauenhaus,False,False,False,False
Frauen- und Kinderschutzhaus Radolfzell,2258,47.7409243,8.955847834383,2022-12-25 08:01:00,Keine Aufnahme möglich,Keine Aufnahme möglich,Konstanz,Landkreis,Baden-Württemberg,Frauenhaus,False,False,False,False
Frauen- und Kinderschutzhaus,2180,48.98322105,12.151901371455,2022-12-25 08:01:00,Keine Aufnahme möglich,Keine Aufnahme möglich,Regensburg,Kreisfreie Stadt,Bayern,Frauenhaus,False,False,False,False
Autonomes Frauenhaus Regensburg,2225,48.98322105,12.151901371455,2022-12-25 08:01:00,Keine Aufnahme möglich,Keine Aufnahme möglich,Regensburg,Kreisfreie Stadt,Bayern,Frauenhaus,True,False,False,False
Frauenhaus Saarbrücken,2009,49.234338155586,6.986639524139,2022-12-25 08:01:00,Keine Aufnahme möglich,Keine Aufnahme möglich,Regionalverband Saarbrücken,Landkreis,Saarland,Frauenhaus,False,False,False,False
Frauenhaus Saarlouis,2217,49.319469368893,6.753084518304,2022-12-25 08:01:00,Keine Aufnahme möglich,Keine Aufnahme möglich,Saarlouis,Landkreis,Saarland,Frauenhaus,False,False,False,False
Frauen- und Kinderhaus Salzwedel,2251,52.851333063238,11.154713708822,2022-12-25 08:01:00,Keine Aufnahme möglich,Keine Aufnahme möglich,Altmarkkreis Salzwedel,Landkreis,Sachsen-Anhalt,Frauenhaus,False,False,False,False
Frauenhaus Schwabach,2177,49.329349195087,11.024939052197,2022-12-25 08:01:00,Keine Aufnahme möglich,Keine Aufnahme möglich,Schwabach,Kreisfreie Stadt,Bayern,Frauenhaus,True,False,False,False
Frauen- und Kinderschutzeinrichtung,2159,48.8009955981,9.788703360852,2022-12-25 08:01:00,Keine Aufnahme möglich,Keine Aufnahme möglich,Ostalbkreis,Landkreis,Baden-Württemberg,Frauenhaus,False,False,False,False
Frauenhaus im Landkreis Schwandorf,2195,49.3263177,12.1038045,2022-12-25 08:01:00,k.A.,keine Angabe,Schwandorf,Landkreis,Bayern,Frauenhaus,False,False,False,False
Frauenhaus Schwarzenbek,2263,53.503650426025,10.483866451312,2022-12-25 08:01:00,Keine Aufnahme möglich,Keine Aufnahme möglich,Herzogtum Lauenburg,Kreis,Schleswig-Holstein,Frauenhaus,False,False,False,False
Frauenhaus für die Region Main-Rhön in Schweinfurt,2054,50.04723375,10.224025804585,2022-12-25 08:01:00,Keine Aufnahme möglich,Keine Aufnahme möglich,Schweinfurt,Kreisfreie Stadt,Bayern,Frauenhaus,False,False,False,False
Frauen in Not-Frauenhaus,2061,53.627833083723,11.405380088953,2022-12-25 08:01:00,Keine Aufnahme möglich,Keine Aufnahme möglich,Schwerin,Kreisfreie Stadt,Mecklenburg-Vorpommern,Frauenhaus,True,True,True,False
Frauenhaus Singen,2237,47.762044359329,8.853405053013,2022-12-25 08:01:00,Keine Aufnahme möglich,Keine Aufnahme möglich,Konstanz,Landkreis,Baden-Württemberg,Frauenhaus,False,False,False,False
AWO Frauenhaus Schaumburg,2353,52.31830254248,9.204289693607,2022-12-25 08:01:00,k.A.,keine Angabe,Schaumburg,Landkreis,Niedersachsen,Frauenhaus,False,False,False,False
Frauen- und Kinderschutzhaus Staßfurt,2175,51.846982652569,11.592657358624,2022-12-25 08:01:00,Keine Aufnahme möglich,Keine Aufnahme möglich,Salzlandkreis,Landkreis,Sachsen-Anhalt,Frauenhaus,False,False,False,False
Frauen-und Kinderschutzhaus Tuttlingen,2254,47.978972871,8.814629638902,2022-12-25 08:01:00,Keine Aufnahme möglich,Keine Aufnahme möglich,Tuttlingen,Landkreis,Baden-Württemberg,Frauenhaus,False,False,False,False
Frauenhaus Ulm,2230,48.402932597842,9.999279928912,2022-12-25 08:01:00,Keine Aufnahme möglich,Keine Aufnahme möglich,Ulm,Stadtkreis,Baden-Württemberg,Frauenhaus,False,False,False,False
Frauen- und Kinderschutzhaus Kreis Viersen,2156,51.253916413955,6.389885517278,2022-12-25 08:01:00,Keine Aufnahme möglich,Keine Aufnahme möglich,Viersen,Kreis,Nordrhein-Westfalen,Frauenhaus,False,False,False,False
Frauen- und Kinderschutzhaus Rems-Murr-Kreis,2206,48.830787760572,9.325598847299,2022-12-25 08:01:00,Keine Aufnahme möglich,Keine Aufnahme möglich,Rems-Murr-Kreis,Landkreis,Baden-Württemberg,Frauenhaus,True,False,False,False
Frauenhaus Weimar,2292,50.982827330819,11.322555165749,2022-12-25 08:01:00,k.A.,keine Angabe,Weimar,Kreisfreie Stadt,Thüringen,Schutzwohnung,False,False,False,False
Kinder- und Frauenschutzwohnung der Stadt Wernigerode,2287,51.839931701364,10.783901991418,2022-12-25 08:01:00,k.A.,keine Angabe,Harz,Landkreis,Sachsen-Anhalt,Schutzwohnung,True,False,False,False
AWO Frauenhaus Nurdan-Eker Wiesbaden,2312,50.092145133904,8.233820739889,2022-12-25 08:01:00,Keine Aufnahme möglich,Keine Aufnahme möglich,Wiesbaden,Kreisfreie Stadt,Hessen,Frauenhaus,False,False,False,False
Frauenschutzhaus,2132,53.8965859,11.4695121,2022-12-25 08:01:00,Keine Aufnahme möglich,Keine Aufnahme möglich,Nordwestmecklenburg,Landkreis,Mecklenburg-Vorpommern,Frauenhaus,False,False,False,False
Frauenhaus SkF,2117,49.7646014,9.9055338,2022-12-25 08:01:00,Keine Aufnahme möglich,Keine Aufnahme möglich,Würzburg,Kreisfreie Stadt,Bayern,Frauenhaus,True,False,False,False
Frauenschutzeinrichtung Zwickau Stadt,2044,50.726853592716,12.490858252887,2022-12-25 08:01:00,Keine Aufnahme möglich,Keine Aufnahme möglich,Zwickau,Landkreis,Sachsen,Schutzwohnung,False,False,False,False
Frauenhaus,2407,49.9194456,8.4852426,2022-12-25 08:01:00,Keine Aufnahme möglich,Keine Aufnahme möglich,Groß-Gerau,Landkreis,Hessen,Frauenhaus,False,False,False,False
Frauenhaus Mainz,2411,49.986824590308,8.271431806591,2022-12-25 08:01:00,Keine Aufnahme möglich,Keine Aufnahme möglich,Mainz,Kreisfreie Stadt,Rheinland-Pfalz,Frauenhaus,False,False,False,False
Frauenhaus Westerwald,2416,50.66442060915,7.821671710156,2022-12-25 08:01:00,Keine Aufnahme möglich,Keine Aufnahme möglich,Westerwaldkreis,Landkreis,Rheinland-Pfalz,Frauenhaus,False,False,False,False
Frauenhaus Freising,2422,48.399763713312,11.735230175261,2022-12-25 08:01:00,k.A.,keine Angabe,Freising,Landkreis,Bayern,Frauenhaus,False,False,False,False
Frauen- und Kinderschutzhaus Heidenheim,2481,48.68534546242,10.140460950757,2022-12-25 08:01:00,Keine Aufnahme möglich,Keine Aufnahme möglich,Heidenheim,Landkreis,Baden-Württemberg,Frauenhaus,False,True,False,False
Frauenhaus Bremerhaven,2369,53.529776471842,8.622328260819,2022-12-25 08:01:00,k.A.,keine Angabe,Bremerhaven,Kreisfreie Stadt,Bremen,Frauenhaus,False,False,False,False
Frauenhaus Chemnitz,2099,50.832365999642,12.920172846924,2022-12-25 08:01:00,k.A.,keine Angabe,Chemnitz,Kreisfreie Stadt,Sachsen,Frauenhaus,True,False,False,False
1. &amp 3. Hamburger Frauenhaus,2382,53.5528284,9.9966396,2022-12-25 08:01:00,k.A.,keine Angabe,Hamburg,Kreisfreie Stadt,Hamburg,Frauenhaus,True,False,False,False
Sofortaufnahme für gewaltbetroffene Frauen und ihre Kinder - Frauenhaus24 Hannover,2011,52.377057435404,9.736999308768,2022-12-25 08:01:00,Aufnahme möglich ohne detaillierte Angabe,Aufnahme möglich ohne detaillierte Angabe,Region Hannover,Landkreis,Niedersachsen,,True,False,False,False
Frauen- und Kinderschutzhaus Radebeul,2045,51.1031702,13.6215949,2022-12-25 08:01:00,k.A.,keine Angabe,Meißen,Landkreis,Sachsen,Frauenhaus,False,False,False,False
Frauenhaus Stendal,2028,52.605557128017,11.847668159234999,2022-12-25 08:01:00,k.A.,keine Angabe,Stendal,Landkreis,Sachsen-Anhalt,Frauenhaus,False,False,False,False
Frauen-und Kinderschutzwohnung &quotZuflucht&quot Lk Görlitz,2338,50.883994699653,14.806442202914,2022-12-25 08:01:00,k.A.,keine Angabe,Görlitz,Landkreis,Sachsen,Schutzwohnung,False,False,False,False
Frauenhaus Ansbach,2213,49.298815058048,10.573480723219,2022-12-25 08:01:00,k.A.,keine Angabe,Ansbach,Kreisfreie Stadt,Bayern,Frauenhaus,False,False,False,False
Frauen- und Kinderschutzwohnung Vogtlandkreis,2351,50.50646945,12.404751585779,2022-12-25 08:01:00,k.A.,keine Angabe,Vogtlandkreis,Landkreis,Sachsen,Schutzwohnung,False,False,False,False
Frauenschutzwohnung,2242,51.11064946722,10.643128194246,2022-12-25 08:01:00,k.A.,keine Angabe,Unstrut-Hainich-Kreis,Landkreis,Thüringen,Schutzwohnung,False,False,False,False
Frauen- und Kinderschutzhaus Ammerland Wesermarsch,2309,53.186117454157,8.002655371563,2022-12-25 08:01:00,k.A.,keine Angabe,Ammerland,Landkreis,Niedersachsen,Frauenhaus,True,False,False,False
Frauenzentrum Paula Panke e.V. - Zufluchtswohnung,2068,52.56961735,13.403536522993,2022-12-25 08:01:00,k.A.,keine Angabe,Berlin,Kreisfreie Stadt,Berlin,Schutzwohnung,False,False,False,False
Frauenzimmer e.V.,2082,52.4836896,13.352822090579,2022-12-25 08:01:00,k.A.,keine Angabe,Berlin,Kreisfreie Stadt,Berlin,Schutzwohnung,True,False,False,False
Caritas-Frauenhaus,2098,52.559654245315,13.370605613927,2022-12-25 08:01:00,k.A.,keine Angabe,Berlin,Kreisfreie Stadt,Berlin,Frauenhaus,False,False,False,False
Hestia Frauenhaus,2102,52.5034002,13.3386373,2022-12-25 08:01:00,k.A.,keine Angabe,Berlin,Kreisfreie Stadt,Berlin,Frauenhaus,False,False,False,False
2. Autonomes Frauenhaus Berlin,2274,52.516226925016,13.377744825842,2022-12-25 08:01:00,k.A.,keine Angabe,Berlin,Kreisfreie Stadt,Berlin,Frauenhaus,False,False,False,False
BIG Hotline - Beratung und Vermittlung,2281,52.5170365,13.3888599,2022-12-25 08:01:00,k.A.,keine Angabe,Berlin,Kreisfreie Stadt,Berlin,,False,False,False,False
Frauen- und Kinderschutzhaus Bernburg (Saale),2227,51.783018835759,11.754099790778,2022-12-25 08:01:00,k.A.,keine Angabe,Salzlandkreis,Landkreis,Sachsen-Anhalt,Frauenhaus,False,False,False,False
Beratung für Frauen/Frauenschutzhaus Biberach,2360,48.093565642996,9.786809486456,2022-12-25 08:01:00,k.A.,keine Angabe,Biberach,Landkreis,Baden-Württemberg,Frauenhaus,False,False,False,False
Autonome Frauenschutzeinrichtung Brandenburg an der Havel,2347,52.4155967,12.552183065949,2022-12-25 08:01:00,k.A.,keine Angabe,Brandenburg an der Havel,Kreisfreie Stadt,Brandenburg,Frauenhaus,True,False,False,False
Frauenhaus AWO Kreisverband Braunschweig e.V.,2160,52.2646577,10.5236066,2022-12-25 08:01:00,k.A.,keine Angabe,Braunschweig,Kreisfreie Stadt,Niedersachsen,Frauenhaus,True,False,False,False
Autonomes Bremer Frauenhaus,2198,53.076516637178,8.80872139115,2022-12-25 08:01:00,k.A.,keine Angabe,Bremen,Kreisfreie Stadt,Bremen,Frauenhaus,False,True,False,False
AWO-Frauenhaus im Landkreis Harburg,2386,53.360527316544,9.825140798087,2022-12-25 08:01:00,k.A.,keine Angabe,Harburg,Landkreis,Niedersachsen,Frauenhaus,False,False,False,False
Frauenhaus Dachau,2246,48.259621637411,11.448716677201,2022-12-25 08:01:00,k.A.,keine Angabe,Dachau,Landkreis,Bayern,Frauenhaus,False,False,False,False
Frauenhaus Dessau-Roßlau,2304,51.8311104,12.2429261,2022-12-25 08:01:00,k.A.,keine Angabe,Dessau-Roßlau,Kreisfreie Stadt,Sachsen-Anhalt,Frauenhaus,False,False,False,False
Frauenschutzhaus Dresden,2087,51.0504088,13.7372621,2022-12-25 08:01:00,k.A.,keine Angabe,Dresden,Kreisfreie Stadt,Sachsen,Frauenhaus,False,False,False,False
Frauenhaus Emden,2088,53.366076745762,7.207059748026,2022-12-25 08:01:00,k.A.,keine Angabe,Emden,Kreisfreie Stadt,Niedersachsen,Frauenhaus,False,False,False,False
Autonomes Frauenhaus Erlangen,2265,49.59608204841,11.001999091098,2022-12-25 08:01:00,k.A.,keine Angabe,Erlangen,Kreisfreie Stadt,Bayern,Frauenhaus,True,False,False,False
Frauenhaus FFB,2116,48.1717756,11.2623294,2022-12-25 08:01:00,k.A.,keine Angabe,Fürstenfeldbruck,Landkreis,Bayern,Frauenhaus,True,False,False,False
Frauenhaus Fürstenwalde,2388,52.358683193219,14.065068707361,2022-12-25 08:01:00,k.A.,keine Angabe,Oder-Spree,Landkreis,Brandenburg,Frauenhaus,False,False,False,False
Frauenschutzhaus,2310,51.4825041,11.9705452,2022-12-25 08:01:00,k.A.,keine Angabe,Halle (Saale),Kreisfreie Stadt,Sachsen-Anhalt,Frauenhaus,False,False,False,False
Frauenhaus Diakonisches Werk Hamburg,2366,53.596621886976,10.018615715002,2022-12-25 08:01:00,k.A.,keine Angabe,Hamburg,Kreisfreie Stadt,Hamburg,Frauenhaus,False,False,False,False
2. Hamburger Frauenhaus e.V.,2367,53.541814575369,9.998572209518,2022-12-25 08:01:00,k.A.,keine Angabe,Hamburg,Kreisfreie Stadt,Hamburg,Frauenhaus,True,False,False,False
6. Autonomes Frauenhaus Hamburg,2381,53.5528284,9.9966396,2022-12-25 08:01:00,k.A.,keine Angabe,Hamburg,Kreisfreie Stadt,Hamburg,Frauenhaus,False,False,False,False
24/7 Notaufnahme der Hamburger Frauenhäuser,2039,53.554448,9.991344,2022-12-25 08:01:00,k.A.,keine Angabe,Hamburg,Kreisfreie Stadt,Hamburg,,True,False,False,False
Frauen- und Kinderschutzhaus Hannover,2085,52.365613497692,9.755097172235,2022-12-25 08:01:00,k.A.,keine Angabe,Region Hannover,Landkreis,Niedersachsen,Frauenhaus,False,False,False,False
AWO Frauenhaus,2297,52.3744779,9.7385532,2022-12-25 08:01:00,k.A.,keine Angabe,Region Hannover,Landkreis,Niedersachsen,Frauenhaus,True,False,False,False
Frauen- und Kinderschutzhaus Heidenheim,2239,48.682679502339,10.139461490017,2022-12-25 08:01:00,k.A.,keine Angabe,Heidenheim,Landkreis,Baden-Württemberg,Frauenhaus,False,False,False,False
Zentrale Sofortaufnahme der Frauen*- und Kinderschutzhäuser Leipzig,2056,51.3844702,12.3160085,2022-12-25 08:01:00,k.A.,keine Angabe,Leipzig,Kreisfreie Stadt,Sachsen,,False,False,False,False
Frauen- und Kinderschutzhaus Leipzig,2376,51.3406321,12.3747329,2022-12-25 08:01:00,k.A.,keine Angabe,Leipzig,Kreisfreie Stadt,Sachsen,Frauenhaus,True,False,False,False
Frauenhaus Lüchow,2371,52.969714748761,11.15518272981,2022-12-25 08:01:00,k.A.,keine Angabe,Lüchow-Dannenberg,Landkreis,Niedersachsen,Frauenhaus,False,False,False,False
Frauenschutzhaus Magdeburg,2031,52.109112469784,11.635762688513,2022-12-25 08:01:00,k.A.,keine Angabe,Magdeburg,Kreisfreie Stadt,Sachsen-Anhalt,Frauenhaus,True,False,False,False
Frauenhaus München,2387,48.1371079,11.5753822,2022-12-25 08:01:00,k.A.,keine Angabe,München,Kreisfreie Stadt,Bayern,Frauenhaus,False,False,False,False
Frauenhaus Hagar,2155,49.454987367495,11.078057924511,2022-12-25 08:01:00,k.A.,keine Angabe,Nürnberg,Kreisfreie Stadt,Bayern,Frauenhaus,False,False,False,False
Frauenhaus Ortenau,2235,48.472922532591,7.96749836209,2022-12-25 08:01:00,k.A.,keine Angabe,Ortenaukreis,Landkreis,Baden-Württemberg,Frauenhaus,True,False,False,False
Frauen- und Kinderschutzhaus Pirna,2072,50.9624776,13.9284303,2022-12-25 08:01:00,k.A.,keine Angabe,Sächsische Schweiz-Osterzgebirge,Landkreis,Sachsen,Frauenhaus,False,False,False,False
Frauenhaus Potsdam,2298,52.401823067332,13.060633141753,2022-12-25 08:01:00,k.A.,keine Angabe,Potsdam,Kreisfreie Stadt,Brandenburg,Frauenhaus,False,False,False,False
Beratungs- und Krisenzentrum für Frauen,2122,52.59248315,12.328108634457,2022-12-25 08:01:00,k.A.,keine Angabe,Havelland,Landkreis,Brandenburg,Frauenhaus,False,False,False,False
Frauenhaus Reutlingen,2245,48.490244306328,9.22265822019,2022-12-25 08:01:00,k.A.,keine Angabe,Reutlingen,Landkreis,Baden-Württemberg,Frauenhaus,False,False,False,False
Frauen- und Kinderhaus e.V. Uelzen,2084,52.964904113123,10.562643359678,2022-12-25 08:01:00,k.A.,keine Angabe,Uelzen,Landkreis,Niedersachsen,Frauenhaus,False,False,False,False
Frauenhaus Alb-Donau-Kreis,2314,48.401878420682,9.995374632586,2022-12-25 08:01:00,k.A.,keine Angabe,Ulm,Stadtkreis,Baden-Württemberg,Frauenhaus,False,False,False,False
Frauen helfen Frauen Schwarzwald Baar e.V.,2262,48.05923605,8.462281102255,2022-12-25 08:01:00,k.A.,keine Angabe,Schwarzwald-Baar-Kreis,Landkreis,Baden-Württemberg,Frauenhaus,False,False,False,False
Frauen- und Kinderschutzhaus Waldshut,2101,47.635706238259,8.272258305191,2022-12-25 08:01:00,k.A.,keine Angabe,Waldshut,Landkreis,Baden-Württemberg,Frauenhaus,False,False,False,False
Frauenhaus Weißenfels,2168,51.2046563,11.9710163,2022-12-25 08:01:00,k.A.,keine Angabe,Burgenlandkreis,Landkreis,Sachsen-Anhalt,Frauenhaus,False,False,False,False
FrauenschutzHaus Wolfenbüttel,2306,52.1625283,10.5348215,2022-12-25 08:01:00,k.A.,keine Angabe,Wolfenbüttel,Landkreis,Niedersachsen,Frauenhaus,True,False,False,False
DRK KV Eichsfeld e.V. Frauenschutzwohnung Leinefelde,2282,51.425144533056,10.35842107336,2022-12-25 08:01:00,k.A.,keine Angabe,Eichsfeld,Landkreis,Thüringen,Schutzwohnung,False,False,False,False
Frauenhaus Neuruppin,2340,52.920470743076,12.805888514342,2022-12-25 08:01:00,k.A.,keine Angabe,Ostprignitz-Ruppin,Landkreis,Brandenburg,Frauenhaus,False,False,True,False
Frauenhaus Gera,2421,50.8772301,12.0796208,2022-12-25 08:01:00,k.A.,keine Angabe,Gera,Kreisfreie Stadt,Thüringen,Frauenhaus,False,False,False,False
Frauen- und Kinderschutzhaus des Landkreises Oldenburg,2429,52.903874494874,8.445246410384,2022-12-25 08:01:00,k.A.,keine Angabe,Oldenburg,Landkreis,Niedersachsen,Frauenhaus,False,False,False,False
SkF Frauenhaus Kaufbeuren-Ostallgäu,2444,47.8899307307,10.626108318125,2022-12-25 08:01:00,k.A.,keine Angabe,Kaufbeuren,Kreisfreie Stadt,Bayern,Frauenhaus,False,False,False,False
Frauenhaus BORA e.V.,2449,52.55712455,13.448277760058,2022-12-25 08:01:00,k.A.,keine Angabe,Berlin,Kreisfreie Stadt,Berlin,Frauenhaus,True,False,False,False
Frauenschutzhaus Bautzen,2498,51.182293,14.4237749,2022-12-25 08:01:00,k.A.,keine Angabe,Bautzen,Landkreis,Sachsen,Frauenhaus,False,False,False,False
Frauenhaus Nordschwaben,2514,48.6042127,10.5888474,2022-12-25 08:01:00,k.A.,keine Angabe,Dillingen a.d. Donau,Landkreis,Bayern,Frauenhaus,False,False,False,False
