shelter_name,shelter_id,latitude,longitude,gen,bez,nuts,nuts2,bundesland
Frauen- und Kinderschutzhaus Aachen,2270,50.788047150729,6.097588101025,Städteregion Aachen,Kreis,DEA2D,DEA,Nordrhein-Westfalen
Frauenhaus Alsdorf,2244,50.871672283047,6.208659018565,Städteregion Aachen,Kreis,DEA2D,DEA,Nordrhein-Westfalen
Frauenhaus Arnsberg,2182,51.407732617724,8.051075898828,Hochsauerlandkreis,Kreis,DEA57,DEA,Nordrhein-Westfalen
Frauenhaus Bergisch Gladbach,2067,50.992223921021,7.153430002869,Rheinisch-Bergischer Kreis,Kreis,DEA2B,DEA,Nordrhein-Westfalen
AWO Frauenhaus Bielefeld,2118,52.035301540103,8.526657636721,Bielefeld,Kreisfreie Stadt,DEA41,DEA,Nordrhein-Westfalen
Autonomes Frauenhaus Bielefeld,2220,52.0191005,8.531007,Bielefeld,Kreisfreie Stadt,DEA41,DEA,Nordrhein-Westfalen
Frauenhaus Bocholt,2240,51.851967818808,6.587526413286,Borken,Kreis,DEA34,DEA,Nordrhein-Westfalen
Frauenhaus Bochum,2283,51.4818111,7.2196635,Bochum,Kreisfreie Stadt,DEA51,DEA,Nordrhein-Westfalen
Hilfe für Frauen in Not-Frauenhaus Bonn e.V.,2129,50.737581638095,7.101763519581,Bonn,Kreisfreie Stadt,DEA22,DEA,Nordrhein-Westfalen
Frauenhaus Bonn - Frauen helfen Frauen e.V.,2167,50.729451611876,7.083363726367,Bonn,Kreisfreie Stadt,DEA22,DEA,Nordrhein-Westfalen
AWO-Frauenhaus-Bottrop,2321,51.522238111129,6.926211462971,Bottrop,Kreisfreie Stadt,DEA31,DEA,Nordrhein-Westfalen
Frauenhaus Datteln,2169,51.651767115463,7.328764232949,Recklinghausen,Kreis,DEA36,DEA,Nordrhein-Westfalen
Frauenhaus Lippe,2238,51.938132853507,8.87196878474,Lippe,Kreis,DEA45,DEA,Nordrhein-Westfalen
Frauen helfen Frauen e.V. Dinslaken,2145,51.567639806596,6.747491084656,Wesel,Kreis,DEA1F,DEA,Nordrhein-Westfalen
Frauen- und Kinderschutzhaus Dorsten,2115,51.654119376554,6.963879626385,Recklinghausen,Kreis,DEA36,DEA,Nordrhein-Westfalen
Autonomes Frauenhaus Dortmund,2052,51.5142273,7.4652789,Dortmund,Kreisfreie Stadt,DEA52,DEA,Nordrhein-Westfalen
Autonomes Frauenhaus Duisburg,2199,51.434999,6.759562,Duisburg,Kreisfreie Stadt,DEA12,DEA,Nordrhein-Westfalen
Frauenhaus Duisburg gGmbH,2203,51.434999,6.759562,Duisburg,Kreisfreie Stadt,DEA12,DEA,Nordrhein-Westfalen
Frauen- und Kinderschutzhaus,2365,51.825388946298,7.269914071563,Coesfeld,Kreis,DEA35,DEA,Nordrhein-Westfalen
Internationales Frauenhaus,2328,51.236733864852,6.792454779053,Düsseldorf,Kreisfreie Stadt,DEA11,DEA,Nordrhein-Westfalen
Frauenhaus Rhein - Erftkreis e.V.,2076,50.8072763,6.8330117999999995,Rhein-Erft-Kreis,Kreis,DEA27,DEA,Nordrhein-Westfalen
Frauenhaus Espelkamp,2184,52.375750324544,8.632890486707,Minden-Lübbecke,Kreis,DEA46,DEA,Nordrhein-Westfalen
Frauenhaus Essen,2143,51.438379602305,7.009099068551,Essen,Kreisfreie Stadt,DEA13,DEA,Nordrhein-Westfalen
Schutzhaus für Frauen und Kinder,2107,50.616462856427,6.84026134715,Euskirchen,Kreis,DEA28,DEA,Nordrhein-Westfalen
Frauenhaus Gelsenkirchen,2112,51.540968835085,7.111938609989,Gelsenkirchen,Kreisfreie Stadt,DEA32,DEA,Nordrhein-Westfalen
Frauenhaus Gütersloh,2267,51.9063997,8.3782078,Gütersloh,Kreis,DEA42,DEA,Nordrhein-Westfalen
Frauenhaus Hamm,2171,51.6697042432,7.831726274505,Hamm,Kreisfreie Stadt,DEA54,DEA,Nordrhein-Westfalen
Frauenhaus Herford,2033,52.1196393,8.6637749,Herford,Kreis,DEA43,DEA,Nordrhein-Westfalen
Frauenhaus Herne,2032,51.5435523,7.2176455,Herne,Kreisfreie Stadt,DEA55,DEA,Nordrhein-Westfalen
Frauenhaus Herten,2157,51.572645954604,7.131574084656,Gelsenkirchen,Kreisfreie Stadt,DEA32,DEA,Nordrhein-Westfalen
AWO Frauenhaus Iserlohn,2232,51.383210093974,7.684256826022,Märkischer Kreis,Kreis,DEA58,DEA,Nordrhein-Westfalen
AWO-Frauenhaus,2311,51.789621872871,6.145853870316,Kleve,Kreis,DEA1B,DEA,Nordrhein-Westfalen
1. Frauenhaus Köln,2140,50.933466575848,6.998637825656,Köln,Kreisfreie Stadt,DEA23,DEA,Nordrhein-Westfalen
2. Autonomes Frauenhaus Köln,2253,50.921396360676,6.995416051662,Köln,Kreisfreie Stadt,DEA23,DEA,Nordrhein-Westfalen
Frauen- und Kinderschutzhaus Krefeld,2229,51.331785882029,6.558523443055,Krefeld,Kreisfreie Stadt,DEA14,DEA,Nordrhein-Westfalen
Autonomes Frauenhaus Leverkusen,2151,51.036439483933,6.993204651605,Leverkusen,Kreisfreie Stadt,DEA24,DEA,Nordrhein-Westfalen
Frauen- und Kinderschutzhaus für den Kreis Mettmann,2111,51.255178427612,6.968892885788,Mettmann,Kreis,DEA1C,DEA,Nordrhein-Westfalen
Frauenschutzzentrum,2325,52.292865585765,8.884828610875,Minden-Lübbecke,Kreis,DEA46,DEA,Nordrhein-Westfalen
Frauen- und Kinderschutzhaus Moers,2330,51.446276386047,6.636759749098,Wesel,Kreis,DEA1F,DEA,Nordrhein-Westfalen
Autonomes Frauenhaus Rheydt,2048,51.164802443583,6.446487203488,Mönchengladbach,Kreisfreie Stadt,DEA15,DEA,Nordrhein-Westfalen
Frauenhaus Mönchengladbach,2337,51.201782299521,6.421618467145,Mönchengladbach,Kreisfreie Stadt,DEA15,DEA,Nordrhein-Westfalen
Autonomes Frauenhaus Münster,2141,51.956729697633,7.632398512595,Münster,Kreisfreie Stadt,DEA33,DEA,Nordrhein-Westfalen
Frauen- und Kinderschutzhäuser Münster,2226,51.964715367909,7.65173880509,Münster,Kreisfreie Stadt,DEA33,DEA,Nordrhein-Westfalen
Frauenhaus Oberhausen,2134,51.466433645076,6.858153386625,Oberhausen,Kreisfreie Stadt,DEA17,DEA,Nordrhein-Westfalen
Frauenhaus Olpe,2047,51.030930004953,7.855977750318,Olpe,Kreis,DEA59,DEA,Nordrhein-Westfalen
Frauenhaus Paderborn,2023,51.711630197753,8.754784819168,Paderborn,Kreis,DEA47,DEA,Nordrhein-Westfalen
Frauenhaus Recklinghausen e.V.,2380,51.562289600477,7.197057131299,Recklinghausen,Kreis,DEA36,DEA,Nordrhein-Westfalen
Frauenhaus Remscheid,2356,51.1463909,7.2148641,Rheinisch-Bergischer Kreis,Kreis,DEA2B,DEA,Nordrhein-Westfalen
Frauenhaus Rheine,2313,52.275648335048,7.43452908728,Steinfurt,Kreis,DEA37,DEA,Nordrhein-Westfalen
Frauenhaus des Rhein-Sieg-Kreises,2228,50.749009526955,7.221746527917,Rhein-Sieg-Kreis,Kreis,DEA2C,DEA,Nordrhein-Westfalen
Frauenhaus Siegen,2154,50.8759626,8.0164616,Siegen-Wittgenstein,Kreis,DEA5A,DEA,Nordrhein-Westfalen
Frauenhaus Soest,2144,51.565331935758,8.097908720838,Soest,Kreis,DEA5B,DEA,Nordrhein-Westfalen
Frauenhaus e.V. Solingen,2110,51.1238982,6.978047,Mettmann,Kreis,DEA1C,DEA,Nordrhein-Westfalen
Frauenhaus Telgte,2133,51.984441708803,7.788351593569,Warendorf,Kreis,DEA38,DEA,Nordrhein-Westfalen
Frauen- und Kinderschutzhaus Troisdorf,2130,50.813948,7.1508684,Rhein-Sieg-Kreis,Kreis,DEA2C,DEA,Nordrhein-Westfalen
Frauenhaus Unna,2233,51.55022541813,7.691389709733,Unna,Kreis,DEA5C,DEA,Nordrhein-Westfalen
Frauen- und Kinderschutzhaus Kreis Viersen,2156,51.253916413955,6.389885517278,Viersen,Kreis,DEA1E,DEA,Nordrhein-Westfalen
Frauenhaus Warendorf,2074,51.9501568,7.9840382,Warendorf,Kreis,DEA38,DEA,Nordrhein-Westfalen
Frauenhaus EN,2073,51.4438167,7.3417483,Ennepe-Ruhr-Kreis,Kreis,DEA56,DEA,Nordrhein-Westfalen
Frauen helfen Frauen e.V.,2153,51.283777950273,7.143748029476,Wuppertal,Kreisfreie Stadt,DEA1A,DEA,Nordrhein-Westfalen
Frauenhaus Düsseldorf,2419,51.2418056,6.8082556,Düsseldorf,Kreisfreie Stadt,DEA11,DEA,Nordrhein-Westfalen
Frauen- und Kinderschutzhaus,2423,51.502765616284,9.117780029782,Höxter,Kreis,DEA44,DEA,Nordrhein-Westfalen
Frauenhaus Stormarn,2343,53.674312919727,10.231099789877,Stormarn,Kreis,DEF0F,DEF,Schleswig-Holstein
Schutzwohnungen für Frauen Nordfriesland,2178,54.62104206325,8.969772242358,Nordfriesland,Kreis,DEF07,DEF,Schleswig-Holstein
Autonomes Frauenhaus Elmshorn,2049,53.7542251,9.6592636,Pinneberg,Kreis,DEF09,DEF,Schleswig-Holstein
Frauenhaus Ostholstein,2189,54.119768481237,10.631741869357,Ostholstein,Kreis,DEF08,DEF,Schleswig-Holstein
Frauenhaus Flensburg,2255,54.79485029629,9.423378659978,Flensburg,Kreisfreie Stadt,DEF01,DEF,Schleswig-Holstein
Frauenhaus Dithmarschen,2395,54.193570221951,9.100838263545,Dithmarschen,Kreis,DEF05,DEF,Schleswig-Holstein
Autonomes Frauenhaus Itzehoe,2193,53.9242344,9.5100452,Steinburg,Kreis,DEF0E,DEF,Schleswig-Holstein
Autonomes Frauenhaus Lübeck,2249,53.867549231603,10.687671111421,Lübeck,Kreisfreie Stadt,DEF03,DEF,Schleswig-Holstein
Frauenhaus Hartengrube,2284,53.861924849136,10.683346452091,Lübeck,Kreisfreie Stadt,DEF03,DEF,Schleswig-Holstein
Autonomes Frauenhaus Neumünster,2063,54.074247318196,9.984462815518,Neumünster,Kreisfreie Stadt,DEF04,DEF,Schleswig-Holstein
Frauenhaus Norderstedt,2303,53.7089898,9.9891914,Segeberg,Kreis,DEF0D,DEF,Schleswig-Holstein
Frauenhaus Pinneberg,2264,53.651379970069,9.789546578719,Pinneberg,Kreis,DEF09,DEF,Schleswig-Holstein
Autonomes Frauenhaus Kreis Plön,2034,54.232749761427,10.279783840293,Plön,Kreis,DEF0A,DEF,Schleswig-Holstein
Frauenhaus Rendsburg gGmbH,2191,54.308288610642,9.658791079076,Rendsburg-Eckernförde,Kreis,DEF0B,DEF,Schleswig-Holstein
Frauenhaus Schwarzenbek,2263,53.503650426025,10.483866451312,Herzogtum Lauenburg,Kreis,DEF06,DEF,Schleswig-Holstein
Autonomes Frauenhaus Wedel,2188,53.583195431882,9.709891071281,Pinneberg,Kreis,DEF09,DEF,Schleswig-Holstein
Schutzwohnungen Nordfriesland,2438,54.6156443,8.9676337,Nordfriesland,Kreis,DEF07,DEF,Schleswig-Holstein
Frauenschutzwohnung Altenburg,2276,50.9888921,12.429075,Altenburger Land,Landkreis,DEG0M,DEG,Thüringen
Frauenschutz Weimarer Land,2062,51.020381404684,11.4986504232,Weimarer Land,Landkreis,DEG0G,DEG,Thüringen
Frauenschutzwohnung,2242,51.11064946722,10.643128194246,Unstrut-Hainich-Kreis,Landkreis,DEG09,DEG,Thüringen
Frauenhaus Eisenach,2105,50.990688888944,10.304182716389,Eisenach,Kreisfreie Stadt,DEG0N,DEG,Thüringen
Frauenhaus Erfurt,2149,50.97579155,11.020273533775,Erfurt,Kreisfreie Stadt,DEG01,DEG,Thüringen
Frauenhaus Gotha,2026,50.943234424969,10.717486357956,Gotha,Landkreis,DEG0C,DEG,Thüringen
Jenaer Frauenhaus e.V.,2272,50.9463598,11.5977589,Jena,Kreisfreie Stadt,DEG03,DEG,Thüringen
Frauenhaus Meiningen,2057,50.565930470512,10.408470644478,Schmalkalden-Meiningen,Landkreis,DEG0B,DEG,Thüringen
Frauenhaus Sondershausen,2038,51.3700633,10.8491714,Kyffhäuserkreis,Landkreis,DEG0A,DEG,Thüringen
Frauenhaus Weimar,2292,50.982827330819,11.322555165749,Weimar,Kreisfreie Stadt,DEG05,DEG,Thüringen
DRK KV Eichsfeld e.V. Frauenschutzwohnung Leinefelde,2282,51.425144533056,10.35842107336,Eichsfeld,Landkreis,DEG06,DEG,Thüringen
Frauenhaus Gera,2421,50.8772301,12.0796208,Gera,Kreisfreie Stadt,DEG02,DEG,Thüringen
Frauenhaus Ansbach,2213,49.298815058048,10.573480723219,Ansbach,Kreisfreie Stadt,DE251,DE2,Bayern
Frauen- und Kinderschutzhaus Bay. Untermain,2120,49.977036120801,9.145832480125,Aschaffenburg,Kreisfreie Stadt,DE261,DE2,Bayern
Frauenhaus Augsburg,2243,48.3668041,10.8986971,Augsburg,Kreisfreie Stadt,DE271,DE2,Bayern
Frauenhaus,2192,49.9006357,10.8997336,Bamberg,Kreisfreie Stadt,DE241,DE2,Bayern
Frauenhaus,2142,49.9425551,11.5744543,Bayreuth,Kreisfreie Stadt,DE242,DE2,Bayern
Frauenhaus Burghausen,2252,48.170001152799,12.82481067792,Altötting,Landkreis,DE214,DE2,Bayern
Frauenhaus Coburg,2224,50.257505531706,10.961128141975,Coburg,Kreisfreie Stadt,DE243,DE2,Bayern
Frauenhaus Dachau,2246,48.259621637411,11.448716677201,Dachau,Landkreis,DE217,DE2,Bayern
Frauenhaus Erding,2362,48.304271224419,11.90594429271,Erding,Landkreis,DE21A,DE2,Bayern
Autonomes Frauenhaus Erlangen,2265,49.59608204841,11.001999091098,Erlangen,Kreisfreie Stadt,DE252,DE2,Bayern
Frauenhaus FFB,2116,48.1717756,11.2623294,Fürstenfeldbruck,Landkreis,DE21C,DE2,Bayern
Frauenhaus Fürth,2301,49.4668322,10.9852942,Fürth,Kreisfreie Stadt,DE253,DE2,Bayern
Frauennotruf Hochfranken,2135,50.318924920653,11.923855529507,Hof,Kreisfreie Stadt,DE244,DE2,Bayern
Caritas Frauenhaus Ingolstadt,2260,48.7630165,11.4250395,Ingolstadt,Kreisfreie Stadt,DE211,DE2,Bayern
Frauenhaus Kaufbeuren-Ostallgäu,2370,47.88994184441,10.626136661017,Kaufbeuren,Kreisfreie Stadt,DE272,DE2,Bayern
Autonomes Frauenhaus Kempten (Allgäu),2024,47.762382099999996,10.3245689,Kempten (Allgäu),Kreisfreie Stadt,DE273,DE2,Bayern
AWO Frauenhaus Landshut,2187,48.53761662542,12.153462601108,Landshut,Kreisfreie Stadt,DE221,DE2,Bayern
Caritas Frauenhaus Landshut,2218,48.538071270726,12.162603569431,Landshut,Kreisfreie Stadt,DE221,DE2,Bayern
Autonomes Frauenhaus Memmingen,2069,47.9848507,10.1870278,Memmingen,Kreisfreie Stadt,DE274,DE2,Bayern
Frauenhaus der Frauenhilfe München,2348,48.1351253,11.5819805,München,Kreisfreie Stadt,DE212,DE2,Bayern
Frauenhaus München,2387,48.1371079,11.5753822,München,Kreisfreie Stadt,DE212,DE2,Bayern
Frauenhaus Murnau,2127,47.678189261344,11.200951713805,Garmisch-Partenkirchen,Landkreis,DE21D,DE2,Bayern
AWO Frauenhaus Neu-Ulm,2094,48.376176,10.008997602757,Neu-Ulm,Landkreis,DE279,DE2,Bayern
Frauenhaus Nürnberg,2147,49.454987367495,11.078057924511,Nürnberg,Kreisfreie Stadt,DE254,DE2,Bayern
Frauenhaus Hagar,2155,49.454987367495,11.078057924511,Nürnberg,Kreisfreie Stadt,DE254,DE2,Bayern
Frauenhaus Passau,2125,48.57363833286,13.451816048151,Passau,Kreisfreie Stadt,DE222,DE2,Bayern
Frauen- und Kinderschutzhaus,2180,48.98322105,12.151901371455,Regensburg,Kreisfreie Stadt,DE232,DE2,Bayern
Autonomes Frauenhaus Regensburg,2225,48.98322105,12.151901371455,Regensburg,Kreisfreie Stadt,DE232,DE2,Bayern
Frauenhaus Rosenheim/Traunstein,2269,47.8571272,12.1181047,Rosenheim,Kreisfreie Stadt,DE213,DE2,Bayern
Frauenhaus Schwabach,2177,49.329349195087,11.024939052197,Schwabach,Kreisfreie Stadt,DE255,DE2,Bayern
Frauenhaus im Landkreis Schwandorf,2195,49.3263177,12.1038045,Schwandorf,Landkreis,DE239,DE2,Bayern
Frauenhaus für die Region Main-Rhön in Schweinfurt,2054,50.04723375,10.224025804585,Schweinfurt,Kreisfreie Stadt,DE262,DE2,Bayern
Frauenhaus Hochfranken,2119,50.162945060814,12.134807622047,Wunsiedel i. Fichtelgebirge,Landkreis,DE24D,DE2,Bayern
Frauenhaus Straubing,2108,48.8777333,12.5801539,Straubing,Kreisfreie Stadt,DE223,DE2,Bayern
Frauenhaus Weiden,2071,49.677827673914,12.154750706237,Weiden i.d. OPf.,Kreisfreie Stadt,DE233,DE2,Bayern
Frauen helfen Frauen e.V.,2275,47.915446386913,11.423220582099,Bad Tölz-Wolfratshausen,Landkreis,DE216,DE2,Bayern
Frauenhaus SkF,2117,49.7646014,9.9055338,Würzburg,Kreisfreie Stadt,DE263,DE2,Bayern
AWO Frauenhaus Würzburg,2138,49.802231315947,9.936143759985,Würzburg,Kreisfreie Stadt,DE263,DE2,Bayern
Frauenhaus Freising,2422,48.399763713312,11.735230175261,Freising,Landkreis,DE21B,DE2,Bayern
SkF Frauenhaus Kaufbeuren-Ostallgäu,2444,47.8899307307,10.626108318125,Kaufbeuren,Kreisfreie Stadt,DE272,DE2,Bayern
Frauenhaus Amberg,2493,49.434897926183,11.845632636832,Amberg,Kreisfreie Stadt,DE231,DE2,Bayern
Frauenhaus Nordschwaben,2514,48.6042127,10.5888474,Dillingen a.d. Donau,Landkreis,DE277,DE2,Bayern
Frauen-und Kinderschutzhaus Aschersleben,2291,51.7559549,11.462134,Salzlandkreis,Landkreis,DEE0C,DEE,Sachsen-Anhalt
Frauen- und Kinderschutzhaus Ballenstedt,2280,51.722527,11.2290268,Harz,Landkreis,DEE09,DEE,Sachsen-Anhalt
Frauen- und Kinderschutzhaus Bernburg (Saale),2227,51.783018835759,11.754099790778,Salzlandkreis,Landkreis,DEE0C,DEE,Sachsen-Anhalt
Frauenhaus Bitterfeld-Wolfen,2295,51.641033099699,12.307324408998,Anhalt-Bitterfeld,Landkreis,DEE05,DEE,Sachsen-Anhalt
DRk Frauenschutzhaus Burg,2307,52.269276139014,11.852119516482,Jerichower Land,Landkreis,DEE06,DEE,Sachsen-Anhalt
Frauenhaus Dessau-Roßlau,2304,51.8311104,12.2429261,Dessau-Roßlau,Kreisfreie Stadt,DEE01,DEE,Sachsen-Anhalt
Frauenschutzhaus,2310,51.4825041,11.9705452,Halle (Saale),Kreisfreie Stadt,DEE02,DEE,Sachsen-Anhalt
Frauenhaus Köthen,2161,51.75046975,11.988520313845,Anhalt-Bitterfeld,Landkreis,DEE05,DEE,Sachsen-Anhalt
Frauenschutzhaus Wittenberg,2319,51.869377514536,12.646353310986001,Wittenberg,Landkreis,DEE0E,DEE,Sachsen-Anhalt
Frauenschutzhaus Magdeburg,2031,52.109112469784,11.635762688513,Magdeburg,Kreisfreie Stadt,DEE03,DEE,Sachsen-Anhalt
Frauen- und Kinderschutzhaus Merseburg,2030,51.3568506,11.9904345,Saalekreis,Landkreis,DEE0B,DEE,Sachsen-Anhalt
Frauen- und Kinderhaus Salzwedel,2251,52.851333063238,11.154713708822,Altmarkkreis Salzwedel,Landkreis,DEE04,DEE,Sachsen-Anhalt
Frauen- und Kinderschutzhaus Sangerhausen,2058,51.4798304,11.2943896,Mansfeld-Südharz,Landkreis,DEE0A,DEE,Sachsen-Anhalt
Frauen- und Kinderschutzhaus Staßfurt,2175,51.846982652569,11.592657358624,Salzlandkreis,Landkreis,DEE0C,DEE,Sachsen-Anhalt
Frauenhaus Stendal,2028,52.605557128017,11.847668159234999,Stendal,Landkreis,DEE0D,DEE,Sachsen-Anhalt
Frauenhaus Weißenfels,2168,51.2046563,11.9710163,Burgenlandkreis,Landkreis,DEE08,DEE,Sachsen-Anhalt
Kinder- und Frauenschutzwohnung der Stadt Wernigerode,2287,51.839931701364,10.783901991418,Harz,Landkreis,DEE09,DEE,Sachsen-Anhalt
Frauen- und Kinderschutzwohnung Vogtlandkreis,2351,50.50646945,12.404751585779,Vogtlandkreis,Landkreis,DED44,DED,Sachsen
Frauenschutzhaus Bautzen,2179,51.182292413586,14.424013712134,Bautzen,Landkreis,DED2C,DED,Sachsen
Frauen- und Kinderschutzhaus Landkreis Leipzig,2003,51.124032663272,12.506939561096,Leipzig,Landkreis,DED52,DED,Sachsen
Frauenschutzangebot,2210,50.4756535,12.7667543,Erzgebirgskreis,Landkreis,DED42,DED,Sachsen
Frauenhaus Chemnitz,2099,50.832365999642,12.920172846924,Chemnitz,Kreisfreie Stadt,DED41,DED,Sachsen
Frauenschutzhaus Dresden,2087,51.0504088,13.7372621,Dresden,Kreisfreie Stadt,DED21,DED,Sachsen
Frauenschutzhaus Freiberg,2083,50.895481287937,13.333490439612,Mittelsachsen,Landkreis,DED43,DED,Sachsen
Zentrale Sofortaufnahme der Frauen*- und Kinderschutzhäuser Leipzig,2056,51.3844702,12.3160085,Leipzig,Kreisfreie Stadt,DED51,DED,Sachsen
4. Frauen*- und Kinderschutzhaus Leipzig,2317,51.3406321,12.3747329,Leipzig,Kreisfreie Stadt,DED51,DED,Sachsen
Frauen- und Kinderschutzhaus Leipzig,2376,51.3406321,12.3747329,Leipzig,Kreisfreie Stadt,DED51,DED,Sachsen
1. Autonomes Frauenhaus,2027,51.325187635158,12.373901299377,Leipzig,Kreisfreie Stadt,DED51,DED,Sachsen
S.H.E. - Schutzhaus für geflüchtete Frauen,2029,51.324894093361,12.374329706113,Leipzig,Kreisfreie Stadt,DED51,DED,Sachsen
Frauen- und Kinderschutzhaus Pirna,2072,50.9624776,13.9284303,Sächsische Schweiz-Osterzgebirge,Landkreis,DED2F,DED,Sachsen
KARO e.V.,2266,50.4950632,12.1346523,Vogtlandkreis,Landkreis,DED44,DED,Sachsen
Frauen- und Kinderschutzhaus Radebeul,2045,51.1031702,13.6215949,Meißen,Landkreis,DED2E,DED,Sachsen
Frauenschutzwohnungen Landkreis Nordsachsen,2042,51.5628862,12.9909587,Nordsachsen,Landkreis,DED53,DED,Sachsen
Frauen-und Kinderschutzwohnung &quotZuflucht&quot Lk Görlitz,2338,50.883994699653,14.806442202914,Görlitz,Landkreis,DED2D,DED,Sachsen
Frauenschutzeinrichtung Zwickau Stadt,2044,50.726853592716,12.490858252887,Zwickau,Landkreis,DED45,DED,Sachsen
Frauenschutzhaus Bautzen,2498,51.182293,14.4237749,Bautzen,Landkreis,DED2C,DED,Sachsen
Frauenhaus Bad Hersfeld,2114,50.869468708997,9.714945143903,Hersfeld-Rotenburg,Landkreis,DE733,DE7,Hessen
AWO Frauenhaus &quotLotte Lemke&quot,2103,50.2268308,8.6181618,Hochtaunuskreis,Landkreis,DE718,DE7,Hessen
Haus für Frauen in Not,2150,50.142945932409,8.06664247563,Rheingau-Taunus-Kreis,Landkreis,DE71D,DE7,Hessen
Autonomes Frauenhaus,2081,51.11062982947,9.116401666944,Waldeck-Frankenberg,Landkreis,DE736,DE7,Hessen
Frauenhaus im Landkreis Kassel,2035,51.2550775,9.4119007,Kassel,Landkreis,DE734,DE7,Hessen
Frauenhaus Bergstraße,2043,49.688967095718,8.617601744187,Bergstraße,Landkreis,DE715,DE7,Hessen
Frauenhaus Darmstadt,2070,49.885947405614,8.654001172839,Darmstadt,Kreisfreie Stadt,DE711,DE7,Hessen
Frauen - und Kinderschutzhaus,2339,49.893363,8.836827,Darmstadt-Dieburg,Landkreis,DE716,DE7,Hessen
Frauenhaus Erbach,2261,49.653690533425,8.995164437466,Odenwaldkreis,Landkreis,DE71B,DE7,Hessen
Autonomes Frauenhaus Frankfurt,2091,50.1109221,8.6821267,Frankfurt am Main,Kreisfreie Stadt,DE712,DE7,Hessen
Frauenhaus Wetterau,2059,50.332736759446,8.762147100409,Wetteraukreis,Landkreis,DE71E,DE7,Hessen
Frauenhaus Fulda,2294,50.555220369978,9.649742916617,Fulda,Landkreis,DE732,DE7,Hessen
Autonomes Frauenhaus Gießen,2181,50.581233679102,8.666742445447,Gießen,Landkreis,DE721,DE7,Hessen
Frauenhaus Sozialdienst katholischer Frauen e.V.,2247,50.572063246443,8.667524534963,Gießen,Landkreis,DE721,DE7,Hessen
Frauenhaus Hanau,2055,50.121842157395,8.93035691488,Main-Kinzig-Kreis,Landkreis,DE719,DE7,Hessen
AWO Frauenhaus Schwalm-Eder,2104,51.030353699843,9.41785004983,Schwalm-Eder-Kreis,Landkreis,DE735,DE7,Hessen
Frauenhaus Kassel,2165,51.273161334306,9.466445816736,Kassel,Kreisfreie Stadt,DE731,DE7,Hessen
"Frauenhaus, Beratungs- und Interventionsstelle Limburg",2036,50.387426446735,8.064561329702,Limburg-Weilburg,Landkreis,DE723,DE7,Hessen
Autonomes Frauenhaus Marburg,2025,50.8117327,8.7757742,Marburg-Biedenkopf,Landkreis,DE724,DE7,Hessen
Frauenhaus Oberursel,2214,50.203012037124,8.578525319621999,Hochtaunuskreis,Landkreis,DE718,DE7,Hessen
Frauen- und Kinderhaus Offenbach,2077,50.104010086859,8.76674981179,Offenbach am Main,Kreisfreie Stadt,DE713,DE7,Hessen
Frauenhaus Rodgau,2166,50.021737483593,8.882036802864,Offenbach,Landkreis,DE71C,DE7,Hessen
Autonomes Frauenhaus,2170,50.25418357165,9.295718601627,Main-Kinzig-Kreis,Landkreis,DE719,DE7,Hessen
Frauenhaus Wetzlar e.V.,2208,50.559625165351,8.499134628186,Lahn-Dill-Kreis,Landkreis,DE722,DE7,Hessen
AWO Frauenhaus Nurdan-Eker Wiesbaden,2312,50.092145133904,8.233820739889,Wiesbaden,Kreisfreie Stadt,DE714,DE7,Hessen
Haus für Frauen in Not Wiesbaden,2158,50.077813921273,8.236045029311,Wiesbaden,Kreisfreie Stadt,DE714,DE7,Hessen
Frauenhaus,2407,49.9194456,8.4852426,Groß-Gerau,Landkreis,DE717,DE7,Hessen
Frauenhaus Bad Kreuznach,2053,49.8428494,7.8667379,Bad Kreuznach,Landkreis,DEB14,DEB,Rheinland-Pfalz
Frauenhaus Frankenthal,2123,49.5377072,8.3560768,Frankenthal (Pfalz),Kreisfreie Stadt,DEB31,DEB,Rheinland-Pfalz
Frauenhaus Idar-Oberstein,2183,49.699458006547,7.321442009631,Birkenfeld,Landkreis,DEB15,DEB,Rheinland-Pfalz
Frauenzuflucht Kaiserslautern,2236,49.44167141989,7.76806020992,Kaiserslautern,Kreisfreie Stadt,DEB32,DEB,Rheinland-Pfalz
Frauenhaus Donnersbergkreis,2221,49.6669591,7.9801167,Donnersbergkreis,Landkreis,DEB3D,DEB,Rheinland-Pfalz
Frauenhaus Landau,2332,49.19988782812,8.113401055813,Landau in der Pfalz,Kreisfreie Stadt,DEB33,DEB,Rheinland-Pfalz
Frauenhaus Neustadt,2201,49.349491832835,8.141965744074,Neustadt an der Weinstraße,Kreisfreie Stadt,DEB36,DEB,Rheinland-Pfalz
Frauenhaus Speyer,2174,49.322620194502,8.429573035315,Speyer,Kreisfreie Stadt,DEB38,DEB,Rheinland-Pfalz
Autonomes Frauenhaus Trier,2137,49.749992,6.6371433,Trier,Kreisfreie Stadt,DEB21,DEB,Rheinland-Pfalz
Frauenhaus Ahrweiler,2412,50.541523495852,7.120312435242,Ahrweiler,Landkreis,DEB12,DEB,Rheinland-Pfalz
Frauenhaus Lila Villa e.V.,2409,49.4612447,8.1705981,Bad Dürkheim,Landkreis,DEB3C,DEB,Rheinland-Pfalz
Frauenhaus Koblenz,2413,50.350559513859,7.592017311078,Koblenz,Kreisfreie Stadt,DEB11,DEB,Rheinland-Pfalz
Frauenhaus Ludwigshafen,2415,49.479714236326,8.449962862506,Ludwigshafen am Rhein,Kreisfreie Stadt,DEB34,DEB,Rheinland-Pfalz
Frauenhaus Mainz,2411,49.986824590308,8.271431806591,Mainz,Kreisfreie Stadt,DEB35,DEB,Rheinland-Pfalz
Frauenhaus Worms,2410,49.6238729,8.359877471689,Worms,Kreisfreie Stadt,DEB39,DEB,Rheinland-Pfalz
Frauenhaus Pirmasens,2417,49.206297144295,7.5975454991269995,Pirmasens,Kreisfreie Stadt,DEB37,DEB,Rheinland-Pfalz
Frauenhaus Westerwald,2416,50.66442060915,7.821671710156,Westerwaldkreis,Landkreis,DEB1B,DEB,Rheinland-Pfalz
Frauenhaus Mayen-Koblenz,2426,50.325712347282,7.2284572929,Mayen-Koblenz,Landkreis,DEB17,DEB,Rheinland-Pfalz
Frauen- und Kinderschutzhaus Ammerland Wesermarsch,2309,53.186117454157,8.002655371563,Ammerland,Landkreis,DE946,DE9,Niedersachsen
Frauenhaus AWO Kreisverband Braunschweig e.V.,2160,52.2646577,10.5236066,Braunschweig,Kreisfreie Stadt,DE911,DE9,Niedersachsen
AWO-Frauenhaus im Landkreis Harburg,2386,53.360527316544,9.825140798087,Harburg,Landkreis,DE933,DE9,Niedersachsen
Autonomes Frauenhaus Celle,2041,52.620867,10.0626059,Celle,Landkreis,DE931,DE9,Niedersachsen
Frauenhaus Emden,2088,53.366076745762,7.207059748026,Emden,Kreisfreie Stadt,DE942,DE9,Niedersachsen
Frauenhaus des Caritasverbandes für Stadt und Landkreis Gifhorn,2285,52.484496766686,10.540274633294,Gifhorn,Landkreis,DE914,DE9,Niedersachsen
Frauenhaus Hameln e.V.,2113,52.105920892881,9.364572592101,Hameln-Pyrmont,Landkreis,DE923,DE9,Niedersachsen
Frauen- und Kinderschutzhaus Hannover,2085,52.365613497692,9.755097172235,Region Hannover,Landkreis,DE929,DE9,Niedersachsen
Sofortaufnahme für gewaltbetroffene Frauen und ihre Kinder - Frauenhaus24 Hannover,2011,52.377057435404,9.736999308768,Region Hannover,Landkreis,DE929,DE9,Niedersachsen
Frauenhaus Hannover - Frauen helfen Frauen e.V.,2013,52.377210097868,9.745326084829,Region Hannover,Landkreis,DE929,DE9,Niedersachsen
AWO Frauenhaus,2297,52.3744779,9.7385532,Region Hannover,Landkreis,DE929,DE9,Niedersachsen
Frauenschutzhaus Helmstedt,2290,52.232426476168,11.004057698082,Helmstedt,Landkreis,DE917,DE9,Niedersachsen
Frauenhaus Hildesheim e.V.,2194,52.152522919656,9.950775478638,Hildesheim,Landkreis,DE925,DE9,Niedersachsen
Frauenhaus Lüchow,2371,52.969714748761,11.15518272981,Lüchow-Dannenberg,Landkreis,DE934,DE9,Niedersachsen
Autonomes Frauenhaus Lüneburg,2066,53.2497728,10.4197721,Lüneburg,Landkreis,DE935,DE9,Niedersachsen
Frauenhaus,2401,52.6380924,9.2084155,Nienburg (Weser),Landkreis,DE927,DE9,Niedersachsen
Autonomes Frauenhaus Oldenburg e.V.,2136,53.139855192327,8.227910833021,Oldenburg (Oldb),Kreisfreie Stadt,DE943,DE9,Niedersachsen
Autonomes Frauenhaus Osnabrück,2089,52.274435951938,8.04727121527,Osnabrück,Kreisfreie Stadt,DE944,DE9,Niedersachsen
Frauenhaus Salzgitter,2128,52.159624591925,10.331093344387,Salzgitter,Kreisfreie Stadt,DE912,DE9,Niedersachsen
AWO Frauenhaus Schaumburg,2353,52.31830254248,9.204289693607,Schaumburg,Landkreis,DE928,DE9,Niedersachsen
Frauen- und Kinderhaus e.V. Uelzen,2084,52.964904113123,10.562643359678,Uelzen,Landkreis,DE93A,DE9,Niedersachsen
FrauenschutzHaus Wolfenbüttel,2306,52.1625283,10.5348215,Wolfenbüttel,Landkreis,DE91B,DE9,Niedersachsen
Wolfsburger Frauenhaus,2383,52.421175871211,10.79371507002,Wolfsburg,Kreisfreie Stadt,DE913,DE9,Niedersachsen
Frauen- und Kinderschutzhaus des Landkreises Oldenburg,2429,52.903874494874,8.445246410384,Oldenburg,Landkreis,DE94D,DE9,Niedersachsen
Goslarer Frauenhaus e.V.,2457,51.905936897584,10.429016418709,Goslar,Landkreis,DE916,DE9,Niedersachsen
Frauenhaus Northeim,2468,51.708197825579,9.999778867737,Northeim,Landkreis,DE918,DE9,Niedersachsen
Frauenhaus Gifhorn,2513,52.5031666,10.5145813,Gifhorn,Landkreis,DE914,DE9,Niedersachsen
Frauen- und Kinderschutzhaus Baden-Baden u. Landkreis Rastatt,2186,48.776510561174,8.2181331745,Baden-Baden,Stadtkreis,DE121,DE1,Baden-Württemberg
Beratung für Frauen/Frauenschutzhaus Biberach,2360,48.093565642996,9.786809486456,Biberach,Landkreis,DE146,DE1,Baden-Württemberg
Frauenhäuser Geschütztes Wohnen,2327,49.104470848914,8.5913541328,Karlsruhe,Landkreis,DE123,DE1,Baden-Württemberg
Frauenhaus im Landkreis Calw,2100,48.714306559169,8.741623063857,Calw,Landkreis,DE12A,DE1,Baden-Württemberg
Frauenhaus Esslingen,2065,48.741421196937,9.310220283594,Esslingen,Landkreis,DE113,DE1,Baden-Württemberg
Frauen - und Kinderschutzhaus Filder,2080,48.663256354141,9.219398527189,Esslingen,Landkreis,DE113,DE1,Baden-Württemberg
Frauen- und Kinderschutzhaus Freiburg,2092,48.0327354,7.857524774655,Freiburg im Breisgau,Stadtkreis,DE131,DE1,Baden-Württemberg
Frauenhaus Freudenstadt,2215,48.473534333796,8.420503660913,Freudenstadt,Landkreis,DE12C,DE1,Baden-Württemberg
HerA,2164,48.708166939802,9.652732009254,Göppingen,Landkreis,DE114,DE1,Baden-Württemberg
Frauen- und Kinderhilfe Göppingen,2097,48.705872999684,9.649685019812999,Göppingen,Landkreis,DE114,DE1,Baden-Württemberg
Frauen helfen Frauen e.V. Heidelberg,2152,49.38167105,8.677039550252,Heidelberg,Stadtkreis,DE125,DE1,Baden-Württemberg
Frauen- und Kinderschutzhaus Heidenheim,2239,48.682679502339,10.139461490017,Heidenheim,Landkreis,DE11C,DE1,Baden-Württemberg
Frauen- und Kinderschutzhaus Heilbronn,2126,49.140048540701,9.219636925251,Heilbronn,Stadtkreis,DE117,DE1,Baden-Württemberg
Autonomes Frauenhaus Heilbronn,2259,49.131106886991,9.228034832273,Heilbronn,Stadtkreis,DE117,DE1,Baden-Württemberg
Frauenhaus,2341,49.0068705,8.4034195,Karlsruhe,Stadtkreis,DE122,DE1,Baden-Württemberg
Frauenhaus SkF Karlsruhe,2212,49.010942043401,8.392288331104,Karlsruhe,Stadtkreis,DE122,DE1,Baden-Württemberg
Frauenhaus Kirchheim,2400,48.645245834595,9.452797210129,Esslingen,Landkreis,DE113,DE1,Baden-Württemberg
Frauenhaus Kirchheim,2173,48.645195802054,9.452899259968,Esslingen,Landkreis,DE113,DE1,Baden-Württemberg
Autonomes Frauenhaus Lörrach,2075,47.602006174985,7.6622878822819995,Lörrach,Landkreis,DE139,DE1,Baden-Württemberg
Frauenhaus Ludwigsburg,2223,48.905138982478,9.175657488432,Ludwigsburg,Landkreis,DE115,DE1,Baden-Württemberg
Mannheimer Frauenhaus,2131,49.546312398996,8.461605604247,Mannheim,Stadtkreis,DE126,DE1,Baden-Württemberg
Frauen- und Kinderschutzhaus Heckertstift,2008,49.492173028558,8.452588097834,Mannheim,Stadtkreis,DE126,DE1,Baden-Württemberg
Frauen- und Kinderschutzhaus Neckar-Odenwald-Kreis,2234,49.3489153,9.1293829,Neckar-Odenwald-Kreis,Landkreis,DE127,DE1,Baden-Württemberg
Frauenhaus Ortenau,2235,48.472922532591,7.96749836209,Ortenaukreis,Landkreis,DE134,DE1,Baden-Württemberg
Ökumenisches Frauenhaus Pforzheim,2204,48.8667572,8.7531246,Pforzheim,Stadtkreis,DE129,DE1,Baden-Württemberg
Frauen- und Kinderschutzhaus Radolfzell,2258,47.7409243,8.955847834383,Konstanz,Landkreis,DE138,DE1,Baden-Württemberg
Frauen- und Kinderschutzhaus,2268,47.764202227177,9.604661644156,Ravensburg,Landkreis,DE148,DE1,Baden-Württemberg
Frauenhaus Reutlingen,2245,48.490244306328,9.22265822019,Reutlingen,Landkreis,DE141,DE1,Baden-Württemberg
Frauen- und Kinderschutzeinrichtung,2159,48.8009955981,9.788703360852,Ostalbkreis,Landkreis,DE11D,DE1,Baden-Württemberg
Frauen-und Kinderschutzhaus Schwäbisch Hall,2176,49.112065275931,9.732801718754,Schwäbisch Hall,Landkreis,DE11A,DE1,Baden-Württemberg
Frauenhaus Singen,2237,47.762044359329,8.853405053013,Konstanz,Landkreis,DE138,DE1,Baden-Württemberg
Autonomes Frauenhaus Stuttgart,2078,48.763984707357,9.174786993125,Stuttgart,Stadtkreis,DE111,DE1,Baden-Württemberg
Städtisches Frauenhaus Stuttgart,2197,48.76986235,9.211651935853,Stuttgart,Stadtkreis,DE111,DE1,Baden-Württemberg
Autonomes Frauenhaus Tübingen,2012,48.52057725995,9.025027129822,Tübingen,Landkreis,DE142,DE1,Baden-Württemberg
Frauen-und Kinderschutzhaus Tuttlingen,2254,47.978972871,8.814629638902,Tuttlingen,Landkreis,DE137,DE1,Baden-Württemberg
Frauenhaus Alb-Donau-Kreis,2314,48.401878420682,9.995374632586,Ulm,Stadtkreis,DE144,DE1,Baden-Württemberg
Frauenhaus Ulm,2230,48.402932597842,9.999279928912,Ulm,Stadtkreis,DE144,DE1,Baden-Württemberg
Frauen helfen Frauen Schwarzwald Baar e.V.,2262,48.05923605,8.462281102255,Schwarzwald-Baar-Kreis,Landkreis,DE136,DE1,Baden-Württemberg
Frauen- und Kinderschutzhaus Rems-Murr-Kreis,2206,48.830787760572,9.325598847299,Rems-Murr-Kreis,Landkreis,DE116,DE1,Baden-Württemberg
Frauen- und Kinderschutzhaus im Hohenlohekreis,2222,49.181288581991,9.637402053841999,Hohenlohekreis,Landkreis,DE119,DE1,Baden-Württemberg
Frauen- und Kinderschutzhaus Waldshut,2101,47.635706238259,8.272258305191,Waldshut,Landkreis,DE13A,DE1,Baden-Württemberg
Schutzwohnung im Rhein-Neckar-Kreis,2271,49.54620451729,8.649864854517,Rhein-Neckar-Kreis,Landkreis,DE128,DE1,Baden-Württemberg
Frauenhaus Zollernalbkreis,2046,48.269484562955,8.94737584922,Zollernalbkreis,Landkreis,DE143,DE1,Baden-Württemberg
Frauen- und Kinderschutzhaus Konstanz,2408,47.681740847498,9.158822455441,Konstanz,Landkreis,DE138,DE1,Baden-Württemberg
"Frauen und Kinderschutzhaus Baden-Baden, Landkreis Rastatt",2432,48.766436,8.244599718105,Baden-Baden,Stadtkreis,DE121,DE1,Baden-Württemberg
Schutzraum SEGEL Mannheim,2458,49.493452209363,8.468547144257,Mannheim,Stadtkreis,DE126,DE1,Baden-Württemberg
Frauen- und Kinderschutzhaus Sigmaringen,2462,48.086971599501,9.214495963747,Sigmaringen,Landkreis,DE149,DE1,Baden-Württemberg
Mannheimer Frauenhaus,2459,49.546312398996,8.461605604247,Mannheim,Stadtkreis,DE126,DE1,Baden-Württemberg
Frauen- und Kinderschutzhaus Heidenheim,2481,48.68534546242,10.140460950757,Heidenheim,Landkreis,DE11C,DE1,Baden-Württemberg
Beratungsstelle für Betroffene von häuslicher Gewalt,2190,54.4151606,13.425834,Vorpommern-Rügen,Landkreis,DE80L,DE8,Mecklenburg-Vorpommern
Frauenhaus Greifswald,2146,54.08939506011,13.379945601414,Vorpommern-Greifswald,Landkreis,DE80N,DE8,Mecklenburg-Vorpommern
Frauenschutzhaus,2219,53.793364322518,12.181076883324,Rostock,Landkreis,DE80K,DE8,Mecklenburg-Vorpommern
AWO Frauenhaus Ludwigslust,2148,53.3244914,11.4969238,Ludwigslust-Parchim,Landkreis,DE80O,DE8,Mecklenburg-Vorpommern
Frauen- und Kinderschutzhaus Neubrandenburg,2216,53.557445799999996,13.2602781,Mecklenburgische Seenplatte,Landkreis,DE80J,DE8,Mecklenburg-Vorpommern
Autonomes Frauenhaus Rostock,2163,54.052138471041,12.10428681682,Rostock,Landkreis,DE80K,DE8,Mecklenburg-Vorpommern
Frauen in Not-Frauenhaus,2061,53.627833083723,11.405380088953,Schwerin,Kreisfreie Stadt,DE804,DE8,Mecklenburg-Vorpommern
AWO Frauenschutzhaus Stralsund,2172,54.3161903,13.0950601,Vorpommern-Rügen,Landkreis,DE80L,DE8,Mecklenburg-Vorpommern
Frauenschutzhaus,2132,53.8965859,11.4695121,Nordwestmecklenburg,Landkreis,DE80M,DE8,Mecklenburg-Vorpommern
Hestia-Zufluchtswohnungen Wedding,2051,52.54108405,13.389616050162,Berlin,Kreisfreie Stadt,DE300,DE3,Berlin
Zufluchtswohung Matilde,2060,52.53713195,13.610523076316,Berlin,Kreisfreie Stadt,DE300,DE3,Berlin
Frauenzentrum Paula Panke e.V. - Zufluchtswohnung,2068,52.56961735,13.403536522993,Berlin,Kreisfreie Stadt,DE300,DE3,Berlin
Frauenzimmer e.V.,2082,52.4836896,13.352822090579,Berlin,Kreisfreie Stadt,DE300,DE3,Berlin
BORA Frauenhaus,2345,52.5050416,13.362846383345,Berlin,Kreisfreie Stadt,DE300,DE3,Berlin
Hestia Zufluchtswohnungen Prenzlauer Berg,2096,52.5355509,13.425688849992,Berlin,Kreisfreie Stadt,DE300,DE3,Berlin
Caritas-Frauenhaus,2098,52.559654245315,13.370605613927,Berlin,Kreisfreie Stadt,DE300,DE3,Berlin
Hestia Frauenhaus,2102,52.5034002,13.3386373,Berlin,Kreisfreie Stadt,DE300,DE3,Berlin
2. Autonomes Frauenhaus Berlin,2274,52.516226925016,13.377744825842,Berlin,Kreisfreie Stadt,DE300,DE3,Berlin
BIG Hotline - Beratung und Vermittlung,2281,52.5170365,13.3888599,Berlin,Kreisfreie Stadt,DE300,DE3,Berlin
offensiv´91 e.V. Frauenzufluchtswohnung,2037,52.45499615,13.514810051508,Berlin,Kreisfreie Stadt,DE300,DE3,Berlin
Frauenhaus BORA e.V.,2449,52.55712455,13.448277760058,Berlin,Kreisfreie Stadt,DE300,DE3,Berlin
Autonome Frauenschutzeinrichtung Brandenburg an der Havel,2347,52.4155967,12.552183065949,Brandenburg an der Havel,Kreisfreie Stadt,DE401,DE4,Brandenburg
Frauenhaus und Beratungsstelle,2139,52.1448863,14.6294413,Oder-Spree,Landkreis,DE40C,DE4,Brandenburg
Frauenhaus,2109,51.628227951142,13.713308618555,Elbe-Elster,Landkreis,DE407,DE4,Brandenburg
Frauenhaus Frankfurt (Oder),2248,52.343312285202,14.546619410747,Frankfurt (Oder),Kreisfreie Stadt,DE403,DE4,Brandenburg
Frauenhaus Fürstenwalde,2388,52.358683193219,14.065068707361,Oder-Spree,Landkreis,DE40C,DE4,Brandenburg
Frauenhaus Lauchhammer,2346,51.4957085,13.7605753,Oberspreewald-Lausitz,Landkreis,DE40B,DE4,Brandenburg
Frauenhaus Potsdam,2298,52.401823067332,13.060633141753,Potsdam,Kreisfreie Stadt,DE404,DE4,Brandenburg
Beratungs- und Krisenzentrum für Frauen,2122,52.59248315,12.328108634457,Havelland,Landkreis,DE408,DE4,Brandenburg
Frauenhaus Schwedt,2079,53.072867194575,14.277710475059,Uckermark,Landkreis,DE40I,DE4,Brandenburg
Frauenhaus Neuruppin,2340,52.920470743076,12.805888514342,Ostprignitz-Ruppin,Landkreis,DE40D,DE4,Brandenburg
Autonomes Bremer Frauenhaus,2198,53.076516637178,8.80872139115,Bremen,Kreisfreie Stadt,DE501,DE5,Bremen
Frauenhaus Bremerhaven,2369,53.529776471842,8.622328260819,Bremerhaven,Kreisfreie Stadt,DE502,DE5,Bremen
Frauenhaus der AWO Bremen,2431,53.0792962,8.8016937,Bremen,Kreisfreie Stadt,DE501,DE5,Bremen
Frauenhaus Diakonisches Werk Hamburg,2366,53.596621886976,10.018615715002,Hamburg,Kreisfreie Stadt,DE600,DE6,Hamburg
2. Hamburger Frauenhaus e.V.,2367,53.541814575369,9.998572209518,Hamburg,Kreisfreie Stadt,DE600,DE6,Hamburg
6. Autonomes Frauenhaus Hamburg,2381,53.5528284,9.9966396,Hamburg,Kreisfreie Stadt,DE600,DE6,Hamburg
1. &amp 3. Hamburger Frauenhaus,2382,53.5528284,9.9966396,Hamburg,Kreisfreie Stadt,DE600,DE6,Hamburg
24/7 Notaufnahme der Hamburger Frauenhäuser,2039,53.554448,9.991344,Hamburg,Kreisfreie Stadt,DE600,DE6,Hamburg
Frauenhaus Neunkirchen,2010,49.37167025,7.207534594691,Neunkirchen,Landkreis,DEC03,DEC,Saarland
Frauenhaus Saarbrücken,2009,49.234338155586,6.986639524139,Regionalverband Saarbrücken,Landkreis,DEC01,DEC,Saarland
Frauenhaus Saarlouis,2217,49.319469368893,6.753084518304,Saarlouis,Landkreis,DEC04,DEC,Saarland
